,count,count,count
value,တွင်,မှာ,၌
value_pair,,,
က,1.0,,
ကင်း,5.0,2.0,
ကင်းကွာ,1.0,,
ကင်းမဲ့,2.0,,
ကင်းလွတ်,,1.0,
ကင်းလှည့်,3.0,1.0,
ကစား,62.0,26.0,14.0
ကတိပြု,,1.0,
ကန့်ကွက်,7.0,3.0,4.0
ကန့်သတ်,12.0,3.0,
ကန်,4.0,3.0,
ကန်သွင်း,2.0,,
ကပ်,5.0,1.0,
ကပ်ဆိုက်,,1.0,
ကမ်းလှမ်း,5.0,,
ကယ်ဆယ်,8.0,2.0,2.0
ကယ်တင်,2.0,1.0,1.0
ကာကွယ်,10.0,5.0,1.0
ကာကွယ်ဆေးထိုး,,1.0,
ကာကွယ်ပေးနိုင်,1.0,,
ကာလီဟူ,1.0,,
ကားတိုက်,1.0,,
ကိုက်,4.0,2.0,
ကိုက်ညီ,2.0,,
ကိုင်,5.0,2.0,1.0
ကိုင်ဆောင်,1.0,,
ကိုင်တွယ်,2.0,2.0,
ကိုယ်စားပြု,2.0,1.0,
ကိုယ်ထိလက်ရောက်ကျူးလွန်,,1.0,
ကိုယ်ဝန်ဆောင်,1.0,,
ကိုးကား,3.0,1.0,
ကိုးကွယ်,4.0,2.0,
ကု,1.0,1.0,
ကုန်,1.0,1.0,
ကုန်ကူး,,,1.0
ကုန်ကျ,7.0,3.0,
ကုန်ဆုံး,3.0,1.0,1.0
ကုန်လွန်,,1.0,
ကုန်သွယ်,4.0,4.0,
ကုသ,11.0,1.0,1.0
ကုသခံ,,1.0,
ကူညီ,13.0,3.0,2.0
ကူညီပံ့ပိုး,1.0,,
ကူး,2.0,,
ကူးခတ်,1.0,,
ကူးစက်,10.0,2.0,
ကူးစက်ခံ,1.0,,
ကူးစက်တတ်,1.0,,
ကူးဆက်,1.0,,
ကူးယူ,3.0,,
ကူးယူး,,1.0,
ကူးသန်းရောင်းဝယ်,1.0,,
ကောက်ခံ,1.0,,
ကောက်ခံခြင်းခံ,1.0,,
ကောက်ချက်ချ,4.0,,
ကောက်ယူ,3.0,,
ကောင်းစွာ-လူသိများ,1.0,,
ကောင်းလာ,1.0,,
ကော်ဖီသောက်နား,1.0,,
ကံကောင်း,,2.0,1.0
ကျ,25.0,9.0,4.0
ကျက်စား,1.0,,
ကျခံ,2.0,1.0,
ကျင့်,4.0,,
ကျင့်သုံး,3.0,1.0,
ကျင့်သုံးနိုင်,,1.0,
ကျင်လည်,1.0,,
ကျင်းပ,101.0,17.0,9.0
ကျင်းပလျက်ရှိ,1.0,1.0,
ကျဆင်း,27.0,8.0,2.0
ကျဆင်းသွား,2.0,1.0,
ကျဆုံး,3.0,1.0,1.0
ကျန်,19.0,8.0,1.0
ကျန်ရစ်,4.0,,1.0
ကျန်ရှိ,3.0,1.0,
ကျန်ရှိဆဲ,2.0,,
ကျန်းမာ,1.0,,
ကျန်းမာရေးစောင့်ရှောက်,1.0,,
ကျမ်းကျိန်,1.0,,
ကျမ်းကျိန်ဆို,1.0,,
ကျမ်းသစ္စာကျိန်ဆို,1.0,,
ကျယ်လောင်,,,1.0
ကျရောက်,1.0,,
ကျရှုံး,5.0,,
ကျိန်ဆို,1.0,,
ကျို,1.0,,
ကျိုး,2.0,,
ကျိုးကျ,1.0,,
ကျိုးကြောင်းညီညွတ်,1.0,,
ကျိုးပဲ့,1.0,,
ကျိုးသွား,1.0,,
ကျူးကျော်,4.0,1.0,
ကျူးလွန်,12.0,6.0,1.0
ကျေနပ်,,1.0,
ကျေအေး,2.0,,
ကျောက်ချ,2.0,,
ကျောင်းပိတ်,,,1.0
ကျောင်းအပ်,,2.0,
ကျော်,50.0,7.0,5.0
ကျော်ကြား,3.0,3.0,
ကျော်စော,,,1.0
ကျော်ဇော,1.0,,
ကျော်တက်,1.0,,
ကျော်တက်နိုင်,1.0,,
ကျော်ထွက်,1.0,,
ကျော်ဖြတ်,6.0,,
ကျော်လွန်,1.0,1.0,
ကျော်လွှား,2.0,1.0,
ကျွမ်းကျင်,5.0,3.0,2.0
ကြည့်,9.0,3.0,
ကြည့်ရူ,1.0,,
ကြည့်ရှု,3.0,,
ကြည်လင်ပြတ်သား,1.0,,
ကြန့်ကြာ,1.0,1.0,
ကြပ်,1.0,,
ကြပ်မတ်,1.0,,
ကြမ်းတမ်း,4.0,,
ကြာ,40.0,7.0,2.0
ကြာခဲ့,,1.0,
ကြာမြင့်,,1.0,
ကြာရှည်,4.0,1.0,
ကြား,6.0,3.0,2.0
ကြားညပ်,1.0,,
ကြားဝင်,7.0,,
ကြိုက်,5.0,3.0,1.0
ကြိုဆို,2.0,2.0,1.0
ကြိုးကိုင်ချယ်လှယ်,,,1.0
ကြိုးချည်,1.0,,
ကြိုးစား,10.0,3.0,
ကြိုးစားအားထုတ်,1.0,,
ကြိုးဆွဲချ,,,1.0
ကြိုးဆွဲထား,,,1.0
ကြိုးတုပ်,1.0,,
ကြိုးပမ်,1.0,,
ကြိုးပမ်း,7.0,4.0,1.0
ကြိုးပေး,,,1.0
ကြိုးပေးသတ်,1.0,,
ကြိူးပမ်း,,1.0,
ကြီး,2.0,,
ကြီးကြပ်,1.0,2.0,
ကြီးစိုးလာ,,1.0,
ကြီးထွား,3.0,4.0,
ကြီးပြင်း,1.0,1.0,
ကြီးမြတ်,,1.0,
ကြုံ,3.0,2.0,
ကြုံတွေ့,2.0,,
ကြေညာ,25.0,10.0,
ကြောက်,,1.0,
ကြောက်မက်,2.0,,
ကြောက်ရွံ့,1.0,,
ကြောက်ရွှံ့,1.0,,
ကြောက်လန့်,1.0,2.0,
ကြော်ငြာ,36.0,8.0,2.0
ကြဲ,2.0,,
ကြံရွယ်,,1.0,
ကြွေးတင်,1.0,,
ကွပ်ကဲ,1.0,,
ကွပ်မျက်,1.0,,
ကွယ်ပျောက်,1.0,,
ကွယ်လွန်,25.0,2.0,3.0
ကွယ်ဝှက်,1.0,,
ကွာခြား,1.0,1.0,
ကွာရှင်း,1.0,,
ကွာဟ,1.0,,
ကွေ,1.0,,
ကွဲ,,1.0,
ကွဲကြေ,,,1.0
ကွဲပြား,12.0,3.0,1.0
ကွဲပြားခြားနားသွား,,1.0,
ကွဲလွဲ,1.0,,
ခင်မင်,,1.0,
ခဏ,1.0,,
ခန့်,2.0,1.0,
ခန့်မှန်း,17.0,3.0,
ခန့်အပ်,5.0,,
ခန့်အပ်ခြင်းခံ,1.0,,
ခမ်းနား,,1.0,
ခရီးသွား,8.0,3.0,
ခရီးသွားခဲ့ကြ,1.0,,
ခဝါချ,1.0,,
ခါးထိမြင့်,1.0,,
ခါးသီး,1.0,,
ခိုင်ခံ့,1.0,,
ခိုင်မာ,3.0,1.0,
ခိုင်မြဲ,1.0,,
ခိုင်လုံ,1.0,,
ခိုင်လုံတိကျ,1.0,,
ခိုင်း,2.0,,
ခိုင်းစေ,1.0,,
ခိုလုံ,,,1.0
ခိုလှုံ,1.0,,
ခိုး,7.0,,1.0
ခိုးကူး,,1.0,
ခိုးယူ,1.0,,
ခိုးဝှက်,1.0,,
ခုခံ,12.0,,
ခုခံချေပ,,1.0,
ခုန်,3.0,1.0,
ခုန်ချ,1.0,,
ခုန်ဆင်း,1.0,1.0,
ခုန်တက်,1.0,,
ခုံလှုံ,1.0,,
ခုံး,1.0,,
ခေတ်မစား,1.0,,
ခေါက်,1.0,,
ခေါင်းချင်းဆိုင်,3.0,,
ခေါင်းဆောင်,3.0,,1.0
ခေါင်းပုံဖြတ်,,1.0,
ခေါင်းရိုက်,1.0,,
ခေါ်,14.0,1.0,1.0
ခေါ်ဆို,,1.0,
ခေါ်ဆောင်,4.0,,
ခေါ်တွင်,2.0,,
ခေါ်ထုတ်,1.0,,
ခေါ်ယူ,1.0,,
ခဲ,1.0,,
ခံ,2.0,3.0,
ခံစား,20.0,5.0,3.0
ခံစားရ,1.0,,
ချ,6.0,2.0,3.0
ချက်ပြုတ်,1.0,,
ချစ်,1.0,,
ချစ်မြတ်နိုး,,1.0,1.0
ချဉ်းကပ်,2.0,,
ချည်,3.0,,
ချန်,5.0,1.0,
ချန်ထား,,,1.0
ချန်လှပ်,1.0,,
ချမ်းသာဆုံး,1.0,,
ချမှတ်,8.0,7.0,1.0
ချမှတ်ထား,1.0,,
ချိတ်,1.0,,
ချိတ်ဆက်,11.0,,1.0
ချိတ်ဆွဲ,1.0,,
ချိတ်ပိတ်,1.0,,
ချိတ်မိ,1.0,,
ချို့တဲ့,1.0,1.0,
ချို့ယွင်း,4.0,1.0,
ချို့ယွင်းသွား,1.0,,
ချိုး,3.0,1.0,
ချိုးဖောက်,9.0,3.0,1.0
ချီတက်,4.0,3.0,
ချီတတ်,1.0,,
ချီးကျူး,,1.0,1.0
ချီးမြင့်,1.0,,
ချီးမြှင့်,1.0,1.0,
ချီးမြှင့်အပ်နှင်း,,,1.0
ချီးမွမ်း,1.0,,
ချုပ်ကိုင်,,,1.0
ချုပ်ဆို,1.0,,
ချုပ်ဆိုထား,1.0,,
ချုပ်နှောင်,3.0,,
ချုံခို,1.0,,
ချေပ,4.0,,
ချော်,1.0,1.0,
ချေး,1.0,,
ချေးငှား,2.0,,
ချဲ့,,,1.0
ချဲ့ထွင်,2.0,1.0,
ချွတ်ခိုင်း,1.0,,
ချွတ်ပြစ်,1.0,,
ခြား,,1.0,
ခြားနား,3.0,1.0,
ခြိမ်းခြောက်,7.0,1.0,
ခြေရာခံ,2.0,1.0,
ခြောက်သွေ့,1.0,,
ခြံစည်းရိုးခတ်,1.0,,
ခွင့်ပြု,6.0,,2.0
ခွင့်မပြုနိုင်,,1.0,
ခွာ,1.0,,
ခွေးကိုက်ခံ,,1.0,
ခွဲ,11.0,3.0,
ခွဲခြား,5.0,5.0,2.0
ခွဲစိတ်,7.0,2.0,1.0
ခွဲထွက်,4.0,,2.0
ခွဲဝေ,2.0,1.0,
ဂယက်ရိုက်ခက်,1.0,,
ဂရုမစိုက်,,1.0,
ဂရုမပြုမိ,,,1.0
ဂိမ်းကစား,1.0,,
ဂိုး,2.0,,
ဂိုးသွင်း,4.0,,
ဂိုးသွင်းပေး,1.0,,
ဂိုးသွင်းယူ,2.0,,
ဂုဏ်ဆောင်,1.0,,
ဂုဏ်ပြု,2.0,,
ဂုဏ်ပြုခံ,1.0,,
ဂုဏ်ယူ,1.0,1.0,
ဂူသွင်းမြှုပ်နှံ,,,1.0
ဂူသွင်းမြှုပ်နှံမည်,1.0,,
ငတ်မွတ်ခေါင်းပါး,2.0,,
ငယ်ရွယ်သေး,1.0,,
ငါးမျှား,1.0,,
ငိုကြွေး,,1.0,
ငြင်း,,1.0,
ငြင်းခုန်,1.0,,
ငြင်းခုံ,3.0,2.0,1.0
ငြင်းဆို,6.0,1.0,
ငြင်းပယ်,4.0,1.0,
ငြိမ်သက်,2.0,1.0,
ငွေချေး,1.0,,
ငွေထုတ်ယူ,1.0,,
ငွေပေး,1.0,,
ငွေဖောင်းပွ,2.0,,
ငွေမလုံလောက်,1.0,,
ငွေရှင်း,1.0,,
ငွေလျော့,1.0,,
ငွေ့ရည်စီးဆင်း,,1.0,
ငှါးရမ်း,1.0,,
ငှားရမ်း,1.0,,
စ,3.0,3.0,
စကားပြော,2.0,2.0,1.0
စကိတ်စီး,1.0,,
စခန်းချ,1.0,1.0,
စစ်ကြော,1.0,,
စစ်ဆင်,7.0,,1.0
စစ်ဆေး,20.0,4.0,3.0
စစ်ဆေးကြားနာ,1.0,,
စစ်ဆေးခံ,,1.0,
စစ်တိုက်,1.0,1.0,
စစ်ဖြစ်,,,1.0
စစ်မှန်,4.0,1.0,
စစ်မှုထမ်း,1.0,,
စစ်မှုထမ်းဆောင်,1.0,,
စဉ်းစား,8.0,2.0,
စည်းရုံး,4.0,2.0,1.0
စည်းလုံး,3.0,,
စတက်,1.0,,
စတင်,126.0,22.0,11.0
စတင်ထုတ်,,1.0,
စတင်ဖြန့်,,1.0,
စတင်မည်,1.0,,
စထိုင်,,1.0,
စထွက်,,1.0,
စပ်ဆက်,1.0,,
စဖွင့်,,1.0,
စမ်းသပ်,19.0,6.0,3.0
စမ်းသပ်ပြင်ဆင်,,1.0,
စမ်းသပ်ရှာဖွေ,1.0,,
စာချ,1.0,,
စာချုပ်ချုပ်ဆို,1.0,,
စာတမ်းဖတ်,1.0,,
စာနာ,,1.0,
စာနာထောက်ထား,,,1.0
စာပို့,,1.0,
စာပေမတတ်,,1.0,
စာဖတ်,1.0,,
စာရင်းပြုစု,1.0,1.0,
စာရင်းမှတ်,1.0,,
စာရင်းဝင်,1.0,,
စာရင်းသွင်း,4.0,,1.0
စာလုံးပေါင်း,1.0,,
စာသင်,1.0,,
စာသင်ကြား,1.0,1.0,
စား,6.0,1.0,2.0
စားသုံး,,,1.0
စိစစ်,1.0,,
စိတ်ကူးယဥ်,1.0,,
စိတ်ကျေနပ်,,1.0,
စိတ်ခံစား,1.0,,
စိတ်ချ,2.0,2.0,
စိတ်ချယုံကြည်,,1.0,
စိတ်ဆိုး,1.0,,
စိတ်ထက်မြက်,1.0,,
စိတ်ထက်သန်,1.0,,
စိတ်ထိခိုက်,1.0,1.0,
စိတ်ပင်ပန်း,1.0,,
စိတ်ပါ,1.0,,
စိတ်ပါဝင်စား,,,1.0
စိတ်ပျက်,1.0,,1.0
စိတ်ပျက်စရာကောင်း,1.0,,
စိတ်မကျေမနပ်,1.0,,
စိတ်မချမ်းမြေ့,1.0,,
စိတ်မရှည်,1.0,,
စိတ်ဝင်စား,11.0,2.0,1.0
စိတ်အားထက်သန်,2.0,,
စိန်ခေါ်,5.0,,
စိုက်,1.0,,
စိုက်ထုတ်,1.0,,
စိုက်ထူ,1.0,,
စိုက်ပျိုး,2.0,,
စိုးရိမ်,3.0,3.0,
စီစဉ်,20.0,4.0,4.0
စီစဥ်,1.0,1.0,
စီတန်းထားရှိ,1.0,,
စီမံ,17.0,2.0,
စီရင်,10.0,2.0,
စီး,8.0,1.0,
စီးဆင်း,2.0,,
စီးနင်း,4.0,1.0,1.0
စု,2.0,,
စုစည်း,5.0,1.0,
စုစည်းထား,1.0,,
စုစည်းနေထိုင်,,,1.0
စုစည်းပါဝင်,,,1.0
စုဆောင်း,4.0,1.0,1.0
စုပုံ,1.0,,
စုပုံခံ,1.0,,
စုပုံလာ,1.0,,
စုပေါင်း,,,1.0
စုပ်ယူ,1.0,,
စုရုန်း,,2.0,
စုရုံး,5.0,1.0,1.0
စုဝေး,6.0,2.0,2.0
စုဝေးနေထိုင်ကြ,1.0,,
စုံစမ်း,20.0,8.0,1.0
စူးစမ်း,6.0,,
စေလွှတ်,1.0,1.0,
စော,1.0,2.0,
စောင့်,9.0,2.0,2.0
စောင့်ကြည့်,,1.0,
စောင့်ဆိုင်း,1.0,,
စောင့်ရှောက်,2.0,,
စောဒကတက်,,,1.0
စောသေး,,1.0,
စော်ကား,2.0,1.0,
စေ့စပ်,4.0,1.0,1.0
စေ့စပ်သေချာ,1.0,,
စံချိန်ချိုး,2.0,,
စံချိန်တင်,1.0,2.0,2.0
စံထားလောက်,1.0,,
စံသတ်မှတ်,1.0,,
စွက်ဖက်,1.0,,
စွန့်,1.0,,
စွန့်ခွာ,,,1.0
စွန့်စား,2.0,,
စွန့်ပစ်,3.0,3.0,
စွပ်စွဲ,12.0,1.0,
စွမ်းဆောင်,2.0,1.0,
စွဲ,1.0,,
စွဲချက်တင်,5.0,,1.0
စွဲဆို,6.0,,
ဆက်,1.0,,
ဆက်ခံ,4.0,1.0,
ဆက်စပ်,7.0,2.0,
ဆက်ဆံ,2.0,1.0,
ဆက်တိုက်,1.0,,
ဆက်နွယ်,5.0,,
ဆက်သွယ်,15.0,6.0,
ဆင့်ခေါ်,2.0,,
ဆင့်ရိုက်,1.0,,
ဆင်ခြေပေး,,,1.0
ဆင်တူ,1.0,1.0,
ဆင်း,1.0,1.0,
ဆင်းရဲ,3.0,1.0,
ဆင်းရဲမွဲတေ,1.0,,
ဆင်းသက်,15.0,2.0,
ဆည်းပူး,1.0,,
ဆန့်ကျင်,36.0,6.0,6.0
ဆန္ဒပြ,23.0,5.0,1.0
ဆန္ဒပြကြ,1.0,,
ဆန္ဒမရှိ,1.0,,
ဆန္ဒမဲ,,1.0,
ဆန်,1.0,,
ဆန့်ကျင်,2.0,,
ဆန်းစစ်,1.0,,
ဆန်းသစ်,2.0,3.0,
ဆာလောင်ငတ်မွတ်,1.0,,
ဆို,3.0,,
ဆိုက်,1.0,,
ဆိုက်ကပ်,2.0,,
ဆိုက်ရောက်,1.0,,
ဆိုင်,26.0,3.0,1.0
ဆိုင်ငံ့,1.0,,
ဆိုင်းငံ့,2.0,1.0,
ဆိုး,2.0,,
ဆိုးရွား,1.0,,
ဆိုးဝါးလှ,,1.0,
ဆီးစွန့်,2.0,,
ဆုတောင်း,2.0,,1.0
ဆုတ်,,1.0,
ဆုတ်ခွာ,2.0,,
ဆုတ်ခွာတော့,,1.0,
ဆုတ်ဖြဲ,1.0,,
ဆုပ်ကိုင်,1.0,,
ဆုံခဲ့ကြ,1.0,,
ဆုံတွေ့,1.0,,
ဆုံးဖြတ်,20.0,11.0,3.0
ဆုံးဖြတ်ချ,1.0,,
ဆုံးရုံး,1.0,,
ဆုံးရှုံး,21.0,7.0,2.0
ဆုံးရှံး,1.0,,
ဆူပူ,1.0,,
ဆောက်,1.0,,
ဆောက်တည်,1.0,,
ဆောက်လုပ်,9.0,2.0,
ဆောင်,2.0,1.0,
ဆောင်ရွက်,20.0,3.0,4.0
ဆေးကုသခံ,1.0,,
ဆေးစပ်,1.0,,
ဆေးရုံတင်,1.0,1.0,
ဆေးလိပ်,7.0,,
ဆံ့,,,1.0
ဆွ,1.0,,
ဆွတ်ခူး,4.0,,
ဆွေး,1.0,,
ဆွေးနွေး,26.0,2.0,2.0
ဆွေးမြေ့,1.0,,
ဆွဲ,4.0,,
ဆွဲကြိုးချ,,,1.0
ဆွဲခေါ်ဖမ်းဆီး,,1.0,
ဆွဲငင်,1.0,,
ဆွဲဆောင်,1.0,1.0,
ဆွဲတင်,1.0,,
ဆွဲယူ,3.0,,1.0
ဇာတ်ကြောင်းပြန်,1.0,,
ဇာတ်မတူ,1.0,,
ဈေးကျ,1.0,,
ဈေးတက်,1.0,,
ဈေးဝယ်,1.0,,
ဈေးဝယ်ထွက်,,,1.0
ဉီးဆောင်,2.0,1.0,1.0
ဉီးတည်,3.0,,
ညစ်ညမ်း,,2.0,
ညဥ်းဆဲ,1.0,,
ညာပစ်,1.0,,
ညီ,3.0,,
ညီညွတ်,1.0,,
ညီမျှ,7.0,1.0,
ညံ့ဖျင်း,1.0,,
ညွှန်ကြား,6.0,1.0,
ညွှန်ပြ,1.0,,
ညွှန်ပြဝေဖန်,1.0,,
ညွှန်းဆိုခဲ့ပြီး,1.0,,
ညှင်းပန်း,7.0,,1.0
ညှင်းပမ်းနှိပ်စက်,1.0,,
ညှိနှိုင်း,4.0,1.0,1.0
ညှိုနှိုင်း,2.0,,
တက်,14.0,7.0,2.0
တက်ကြွ,10.0,1.0,1.0
တက်ရောက်,4.0,2.0,2.0
တင့်တယ်,1.0,,
တင်,23.0,9.0,5.0
တင်ဆက်,5.0,1.0,2.0
တင်ဆက်ကပြ,,1.0,
တင်ဆက်ရ,1.0,,
တင်ဆောင်,1.0,,
တင်ထား,1.0,,
တင်ပြ,20.0,4.0,3.0
တင်လာ,1.0,,
တင်သွင်း,11.0,1.0,2.0
တင်းကျပ်,3.0,1.0,
တင်းမာ,2.0,1.0,1.0
တင်းမား,1.0,,
တစ်ကိုယ်ကောင်းဆန်,,1.0,
တစ်ကျွန်းကျ,1.0,,
တစ်ထပ်တည်းတူ,1.0,,
တစ်မူထူးခြား,1.0,,
တစ်လုံးတည်း,1.0,,
တစ်ဟုန်ထိုးတက်,1.0,,
တစ်ဦးတည်း,1.0,,
တည်,4.0,,1.0
တည်ခင်း,1.0,1.0,
တည်ငြိမ်,4.0,,
တည်ငြိမ်စပြု,1.0,,
တည်ဆောက်,20.0,7.0,2.0
တည်တံ့,,1.0,
တည်ထောင်,12.0,1.0,2.0
တည်ပြု,,1.0,
တည်မြဲ,2.0,,
တည်ရှိ,62.0,11.0,6.0
တည်း,1.0,,
တည်းခို,1.0,,1.0
တည်းဖြတ်,3.0,2.0,
တတ်,3.0,3.0,
တတ်ကြွ,1.0,1.0,
တန်,1.0,,1.0
တန်ဖိုးရှိ,1.0,,
တပ်,3.0,,
တပ်ဆင်,11.0,3.0,
တပ်လှန့်,1.0,1.0,
တရားစီရင်,3.0,1.0,1.0
တရားစွဲ,8.0,,1.0
တရားစွဲဆို,1.0,,
တရားမဝင်,1.0,1.0,
တရားမျှတ,3.0,3.0,1.0
တရားရင်ဆိုင်,1.0,1.0,
တရားရှုံး,1.0,,
တရားဝင်,29.0,9.0,2.0
တရားသေလွှတ်,2.0,,
တရားဟော,1.0,,
တာဝန်ခံ,1.0,,
တာဝန်ချထား,1.0,,
တာဝန်ပေး,1.0,,
တာဝန်ရပ်စဲ,1.0,,
တားဆီး,4.0,,
တားမြစ်,5.0,3.0,4.0
တားမြစ်ထား,1.0,,
တိကျ,2.0,3.0,
တိတ်ဆိတ်,4.0,1.0,
တိတ်ဆိတ်ငြိမ်သက်,,,1.0
တိတ်ဆိတ်စွာ,,,1.0
တိတ်လန့်,1.0,,
တိမ်းညွတ်,1.0,,
တိမ်းမှောက်,2.0,2.0,1.0
တိမ်းရှောင်,1.0,,
တို,1.0,,
တိုက်,31.0,4.0,3.0
တိုက်ခတ်,5.0,,
တိုက်ခိုက်,83.0,17.0,6.0
တိုက်စား,1.0,,
တိုက်တွန်း,2.0,1.0,
တိုက်ထုတ်,3.0,,
တိုက်ဖျက်,2.0,,
တိုင်ပင်,1.0,,
တိုင်ပင်လိမ့်,1.0,,
တိုင်းတန်,1.0,,
တိုင်းတာ,2.0,1.0,1.0
တိုရန်တိုနီ,,2.0,
တိုး,18.0,4.0,1.0
တိုးချဲ့,,1.0,1.0
တိုးတက်,26.0,7.0,3.0
တိုးတတ်,3.0,,
တိုးတတ်ဖွံ့ဖြိုး,1.0,,
တိုးပွား,1.0,,
တိုးပွားလာ,1.0,,
တိုးပွားသင့်,1.0,,
တိုးမြင့်,3.0,,1.0
တိုးမြင့်လာ,1.0,,
တိုးမြှင့်,10.0,1.0,
တိုးမြှင့်,1.0,,
တိုးလာ,3.0,1.0,
တီထွင်,5.0,3.0,
တီးခတ်,1.0,,1.0
တုန့်ပြန်,1.0,,
တုန်ခါ,1.0,1.0,
တုန်လှုပ်,3.0,,
တုပြိုင်,1.0,,
တုံ့နှေး,,1.0,
တုံ့ပြန်,7.0,2.0,
တူ,5.0,2.0,
တူညီ,16.0,11.0,2.0
တူညီသွား,,1.0,
တူး,3.0,1.0,
တူးဖော်,4.0,1.0,1.0
တူးဖော်လို,1.0,,
တောက်,2.0,,
တောက်ပ,1.0,1.0,
တောက်လောင်,,1.0,
တောင့်တင်း,1.0,,
တောင်း,1.0,2.0,
တောင်းခံ,4.0,,
တောင်းဆို,7.0,2.0,1.0
တောင်းပန်,3.0,1.0,1.0
တောပြုန်း,,1.0,
တောမီးလောင်,,,1.0
တော်,1.0,,
တေးရေး,1.0,,
တံခွန်စိုက်,4.0,,
တံဆိပ်ခတ်,,1.0,
တံဖြုတ်,1.0,,
တွန်း,1.0,,
တွန်းပို့,1.0,,
တွန်းလှန်,1.0,,
တွယ်ကပ်,2.0,,
တွေဆုံ,1.0,,
တွေ့,63.0,20.0,12.0
တွေ့ကြုံ,1.0,,
တွေ့ဆုံ,25.0,7.0,6.0
တွေ့မြင်,6.0,2.0,1.0
တွေ့ရ,2.0,,
တွေ့ရခဲ,,1.0,
တွေး,,1.0,
တွဲ,1.0,,
တွဲချိတ်,1.0,,
တွဲချီထား,1.0,,
တွဲဖက်,2.0,,
ထ,,1.0,
ထက်နိမ့်,,,1.0
ထက်သန်,3.0,2.0,
ထင်,2.0,2.0,
ထင်မြင်,1.0,2.0,
ထင်မှတ်,1.0,,
ထင်ရှား,12.0,3.0,2.0
ထင်ရှားပြတ်သား,,1.0,
ထင်ဟပ်ပြသ,,1.0,
ထည့်,22.0,1.0,3.0
ထည့်ဝင်,,1.0,
ထည့်သွင်း,5.0,,1.0
ထည်သွင်း,1.0,,
ထန်,1.0,1.0,
ထပ်,,1.0,
ထပ်ခါ,1.0,,
ထပ်ချဲ့,1.0,,
ထပ်တိုး,1.0,1.0,
ထပ်တူကျ,1.0,,
ထပ်ထည့်,1.0,,
ထပ်ပေါင်း,1.0,1.0,
ထမ်းဆောင်,26.0,6.0,3.0
ထမြည်,1.0,,
ထား,32.0,9.0,6.0
ထိကာလွဲချော်,,1.0,
ထိခတ်,1.0,,
ထိခိုက်,24.0,7.0,4.0
ထိခိုက်ခံစား,1.0,,
ထိခိုက်ဒဏ်ရာရ,1.0,,
ထိခိုက်မခံ,1.0,,
ထိတ်,,,1.0
ထိတ်လန့်,1.0,3.0,
ထိတ်လန့်စရာကောင်း,,1.0,
ထိတွေ့,2.0,1.0,1.0
ထိန်ချန်,1.0,,
ထိန်သိမ်း,1.0,,
ထိန်း,2.0,,1.0
ထိန်းချုပ်,19.0,4.0,2.0
ထိန်းချူပ်,1.0,,
ထိန်းချူပ်ပေး,1.0,,
ထိန်းသိမ်း,31.0,11.0,6.0
ထိန်းသိမ်းထား,1.0,,
ထိန်းသိမ်းသွား,1.0,,
ထိပ်တိုက်တွေ့ကြုံရ,,1.0,
ထိပြီး,1.0,,
ထိမ်းမြား,1.0,,
ထိမှန်,6.0,2.0,
ထိရောက်,2.0,1.0,
ထိုက်တန်,,1.0,
ထိုင်,3.0,2.0,
ထိုင်လျက်စကိတ်စီး,1.0,,
ထိုင်လျက်နှင်းလျှောစီး,1.0,,
ထိုင်လျှက်စီး,5.0,,
ထိုသို့,1.0,,
ထိုး,2.0,,
ထိုးခံ,1.0,,
ထိုးစစ်ဆင်,2.0,,
ထိုးဆင်းကျ,,1.0,
ထိုးဆွ,,1.0,
ထိုးပြ,,1.0,
ထိုးဖောက်,4.0,,
ထိုးသတ်,,,1.0
ထိုးသွင်း,,1.0,
ထီပေါက်,1.0,,
ထုတ်,51.0,10.0,4.0
ထုတ်ပစ်,1.0,,
ထုတ်ပယ်,2.0,,
ထုတ်ပိုး,,1.0,
ထုတ်ပေး,,,1.0
ထုတ်ပြန်,38.0,5.0,2.0
ထုတ်ဖော်,4.0,,4.0
ထုတ်ဖော်အသိပေးရန်,1.0,,
ထုတ်ယူ,,1.0,2.0
ထုတ်လုပ်,23.0,6.0,5.0
ထုတ်လုပ်နေကြ,1.0,,
ထုတ်လွင့်,2.0,1.0,1.0
ထုတ်လွှင့်,3.0,,
ထုတ်လွှင့်ပြ,,,1.0
ထုတ်ဝေ,23.0,7.0,1.0
ထုတ်ဝေခဲ,1.0,,
ထုံမွှန်း,1.0,,
ထူထပ်,4.0,,
ထူထောင်,6.0,,
ထူးချွန်,2.0,,
ထူးခြား,6.0,1.0,1.0
ထူးဆန်း,,3.0,
ထောက်ကန်,,1.0,
ထောက်ခံ,17.0,1.0,1.0
ထောက်ပံ့,25.0,8.0,1.0
ထောက်ပြ,1.0,,
ထောက်လှမ်း,5.0,,
ထောင်,2.0,,
ထောင်ကျ,1.0,,
ထောင်ချ,3.0,,
ထောင်ချခံ,1.0,,1.0
ထောင်ဒဏ်ကျ,1.0,,
ထောင်ပေါင်းစွာ,1.0,,
ထောင်လွှား,1.0,,
ထဲ့,1.0,,
ထွက်,20.0,6.0,1.0
ထွက်ကျလာ,1.0,,
ထွက်ခွာ,20.0,2.0,1.0
ထွက်ခွာခိုင်း,1.0,,
ထွက်ခွာသွား,1.0,,
ထွက်ပေါ်,12.0,1.0,
ထွက်ပြေး,1.0,1.0,
ထွက်ရှိလာ,1.0,,
ထွက်လာ,,1.0,
ထွက်သွား,1.0,,
ထွင်,,1.0,
ထွေး,1.0,,
ဒဏ္ဍာရီဆန်,1.0,,
ဒဏ်ခတ်,,1.0,
ဒဏ်ငွေဆောင်,1.0,,
ဒဏ်ရ,1.0,,
ဒဏ်ရာရ,,1.0,
ဒဏ်ရာရရှိ,1.0,,
ဒဏ်ရိုက်,1.0,,
ဒီဇိုင်းထုတ်,1.0,,
ဒူးထောက်,1.0,,
ဒေဝါလီခံ,2.0,,
ဒေါသဖြစ်,,1.0,
ဓာတ်သတ္ထုပါ,1.0,,
ဓာတ်သိ,,1.0,
ဓားပြတိုက်,1.0,,
နက်နဲ,1.0,,
နစ်,2.0,,
နစ်မြုပ်,7.0,1.0,
နစ်မြှုပ်,1.0,,
နည်းကျ,1.0,,
နည်း၍,1.0,,
နယ်နှင်,1.0,,
နလန်ထူ,,1.0,
နာကျင်,2.0,1.0,
နာလန်ထူ,1.0,,
နားထောင်,1.0,,
နားလည်,8.0,,1.0
နားလည်ရခက်,,1.0,
နားသောတဆင်,1.0,,
နိဂုံးချုပ်,1.0,,
နိမ့်,6.0,3.0,
နိမ့်ကျ,4.0,,
နိမ့်ပါး,,1.0,
နိုင်,13.0,1.0,2.0
နို့ရည်လိုက်,1.0,,
နိုးကြား,1.0,,
နီး,2.0,,
နီးကပ်,4.0,2.0,1.0
နီးစပ်,2.0,1.0,
နုတ်ထွက်,3.0,1.0,1.0
နေ,16.0,5.0,1.0
နေကောင်း,,,1.0
နေထိုင်,73.0,20.0,9.0
နေထိုင်ကြ,1.0,,1.0
နေထိုင်မကောင်း,1.0,,
နေနိုင်,1.0,,
နေရာချ,8.0,1.0,1.0
နေရာယူ,3.0,,
နေရာယူထား,1.0,,
နေရာရ,1.0,,
နေရာရလာ,1.0,,
နောက်,,1.0,1.0
နောက်ကျ,5.0,,
နောက်ကြောင်းပြန်,,1.0,
နောက်စောင့်,1.0,,
နောက်ပြန်လှည့်,,1.0,
နောက်ယောင်လိုက်,1.0,,
နဲသွားပြီ,,1.0,
နံပါတ်မတပ်,1.0,,
နွားခိုး,1.0,,
နှင်ထုတ်,3.0,,
နှင်းကျ,1.0,,
နှင်းဖုံး,1.0,,
နှစ်မြှုပ်,1.0,,
နှစ်သက်,3.0,1.0,
နှစ်သိမ့်,1.0,1.0,
နှိပ်,,1.0,
နှိပ်စက်,2.0,,
နှိမ့်ချ,,2.0,
နှိုင်း,1.0,,
နှိုင်းယှဉ်,5.0,1.0,
နှီးနွှယ်,1.0,,
နှုတ်,1.0,,
နှုတ်ဆက်,,1.0,
နှုတ်ထွက်,6.0,,
နှုတ်ပိတ်,1.0,,
နှုတ်ယူ,1.0,,
နှုတ်သိမ်း,1.0,,
နှောင့်နှေး,3.0,,
နှောင့်ယှက်,3.0,,
ပက်ဖြန်းခံ,1.0,,
ပင့်တင်ပေး,1.0,,
ပင်တင်,,,1.0
ပစ်,10.0,1.0,3.0
ပစ်ခတ်,20.0,8.0,5.0
ပစ်ခတ်ခဲ့ပုံ,,,1.0
ပစ်ခတ်ခံ,,1.0,
ပစ်ချ,2.0,,
ပစ်ပေါက်,1.0,,
ပစ်မှတ်,,1.0,
ပစ်လွှတ်,4.0,4.0,1.0
ပစ်သတ်,1.0,2.0,
ပညာသင်,1.0,,
ပညာသင်ကြား,1.0,,
ပညာသင်ယူ,1.0,,
ပတ်,1.0,,1.0
ပတ်သက်,19.0,7.0,
ပတ်သက်ငြိစွန်း,1.0,,
ပန်း,,1.0,
ပန်းထွက်,,1.0,
ပန်းဝင်,2.0,,
ပယ်,6.0,2.0,1.0
ပယ်ထုတ်,,1.0,
ပါ,19.0,6.0,1.0
ပါရှိ,5.0,,
ပါဝင်,255.0,27.0,13.0
ပါဝင်ကူညီ,1.0,,
ပါဝင်ခဲ့တယ်,,1.0,
ပါဝင်မည်,1.0,,
ပါဝင်လာ,1.0,,
ပါဝင်သက်ဆိုင်,1.0,,
ပိ,,1.0,
ပိတ်,31.0,6.0,5.0
ပိတ်ဆို့,7.0,1.0,
ပိတ်ဆို့ထား,1.0,,
ပိတ်ပင်,7.0,,1.0
ပိတ်ပစ်,1.0,,
ပိတ်မိ,,,1.0
ပိတ်သိမ်း,1.0,,
ပိတ်သွား,2.0,,
ပို,40.0,14.0,4.0
ပိုင်,5.0,,
ပိုင်ဆိုင်,14.0,5.0,2.0
ပိုင်ဆိုင်မြှုပ်နှံ,1.0,,
ပိုင်းခြား,1.0,,
ပိုဆိုး,1.0,1.0,
ပိုနည်း,1.0,1.0,
ပိုမို,29.0,7.0,4.0
ပိုမိုအားပြု,1.0,,
ပိုများ,2.0,1.0,
ပိုရှည်,1.0,,
ပိုလျှံ,1.0,,
ပိုအားကောင်း,1.0,,
ပို့,2.0,1.0,2.0
ပို့ဆောင်,3.0,3.0,1.0
ပိုးသတ်,1.0,,
ပုန်ကန်,2.0,,
ပုန်းခို,,1.0,
ပုန်းရှောင်,,,1.0
ပုပ်,1.0,,
ပုံစံထုတ်,1.0,,
ပုံတင်,1.0,,
ပုံနှိပ်,8.0,4.0,
ပုံရိပ်ထင်,1.0,,
ပုံအော,,1.0,
ပူ,2.0,,
ပူဆွေး,,1.0,
ပူနွေးလာ,1.0,,
ပူပေါင်း,2.0,,
ပူပြင်း,2.0,,
ပူးတွဲ,,,1.0
ပူးတွဲဖော်ပြ,,1.0,
ပူးပေါင်း,22.0,4.0,
ပေ,1.0,,
ပေါက်,2.0,1.0,1.0
ပေါက်ကြား,3.0,2.0,
ပေါက်ကွဲ,51.0,12.0,7.0
ပေါက်ကွဲမူ,1.0,,
ပေါက်ဖွား,1.0,,
ပေါက်ရောက်,1.0,,
ပေါင်း,19.0,7.0,1.0
ပေါင်းစပ်ပေး,1.0,,
ပေါင်းထည့်,1.0,,
ပေါင်းထဲ့,1.0,,
ပေါလောပေါ်,1.0,,
ပေါ့ဆ,1.0,1.0,
ပေါ်,25.0,7.0,3.0
ပေါ်ထွက်လာ,1.0,,
ပေါ်ပေါက်,5.0,1.0,
ပေါ်ပေါက်မလာ,1.0,,
ပေါ်ပေါက်လာ,1.0,,
ပေါ်လာ,1.0,1.0,
ပေါ်လွင်,2.0,1.0,
ပေး,62.0,17.0,2.0
ပေးခံ,1.0,,
ပေးချေ,2.0,,
ပေးဆပ်,2.0,,
ပေးဆောင်,6.0,1.0,
ပေးပို့,1.0,1.0,
ပေးလို့,,1.0,
ပေးလှူ,1.0,,
ပေးအပ်,5.0,,
ပဲ့ကိုင်,1.0,,
ပဲ့တင်ထပ်,1.0,,
ပံ့ပိုး,2.0,,1.0
ပံ့ပိုးကူညီ,1.0,,
ပံ့ပိုးပေး,2.0,,
ပျက်,20.0,1.0,4.0
ပျက်ကျသွား,1.0,,
ပျက်ကြ,1.0,,
ပျက်ကွက်,1.0,,
ပျက်စီး,16.0,11.0,1.0
ပျက်စီးသွား,2.0,,
ပျက်ဆီး,2.0,,
ပျက်ပြယ်,,1.0,
ပျက်ပြယ်သွား,1.0,,
ပျင်း,,1.0,
ပျိုးထောင်,1.0,,
ပျောက်,1.0,,
ပျောက်ကွယ်,2.0,,2.0
ပျောက်ဆုံး,20.0,8.0,
ပျော့သွား,1.0,,
ပျော်,,2.0,3.0
ပျော်ကျလာ,,1.0,
ပျော်ကွယ်သွား,1.0,,
ပျော်ရွှင်,,1.0,1.0
ပျော်ဝင်နိုင်,1.0,,
ပျံကြဲ,,1.0,
ပျံလွန်တော်မူ,1.0,,
ပျံသန်း,14.0,1.0,2.0
ပျံသန်းလာ,1.0,,
ပျံသန်းသွား,,,1.0
ပျံ့နှံ,1.0,1.0,
ပျံ့နှံ့,7.0,1.0,
ပြ,5.0,,
ပြင်ဆင်,11.0,3.0,1.0
ပြင်ဆင်ရေးသား,1.0,,
ပြင်း,2.0,,
ပြင်းထန်,28.0,8.0,6.0
ပြင်းထန်း,1.0,,
ပြင်းအားလျှော့,,1.0,
ပြစ်,2.0,,
ပြစ်တင်,1.0,,
ပြစ်ဒဏ်ကျသင့်,,1.0,
ပြစ်ဒဏ်ချ,,1.0,
ပြစ်ဒဏ်ဘော,1.0,,
ပြစ်မှား,,1.0,
ပြည့်,3.0,3.0,1.0
ပြည့်ကျပ်,2.0,,
ပြည့်စုံ,2.0,1.0,
ပြည့်နှက်,,1.0,
ပြည့်ဝ,1.0,,
ပြဋ္ဌာန်း,2.0,1.0,
ပြဌာန်,1.0,,
ပြဌာန်း,5.0,2.0,
ပြဌာန်းလိမ့်,,1.0,
ပြတ်ကျန်,1.0,,
ပြတ်တောက်,13.0,,
ပြတ်လပ်,1.0,,
ပြတ်သွား,,2.0,
ပြန့်,2.0,,1.0
ပြန့်ကျဲ,4.0,,
ပြန့်ပွား,2.0,,1.0
ပြန်,20.0,9.0,1.0
ပြန်ကြည့်,1.0,,
ပြန်ကြား,1.0,,1.0
ပြန်တုံ့ပြန်,,1.0,
ပြန်နေရာယူ,,1.0,
ပြန်ပို့,1.0,1.0,
ပြန်ပေါ်,,1.0,
ပြန်ပေးဆွဲ,13.0,1.0,2.0
ပြန်ပြောင်း,,1.0,
ပြန်ပွား,1.0,,
ပြန်ဖြတ်,1.0,,
ပြန်ဖြုတ်,1.0,,
ပြန်မပေးနိုင်,,1.0,
ပြန်ရ,1.0,,
ပြန်ရလာ,1.0,,
ပြန်ရုပ်သွင်းနိုင်,1.0,,
ပြန်ရောက်,,,1.0
ပြန်လာ,5.0,3.0,2.0
ပြန်လို,,1.0,
ပြန်လွှတ်,1.0,1.0,
ပြန်အပ်,,,1.0
ပြသ,30.0,8.0,
ပြသခံ,,1.0,
ပြသခွင့်ပြု,1.0,,
ပြသထား,1.0,,
ပြို,5.0,,
ပြိုကျ,7.0,3.0,2.0
ပြိုကွဲ,2.0,1.0,
ပြိုကွဲသွား,1.0,,
ပြိုင်,3.0,1.0,2.0
ပြိုင်ဆိုင်,2.0,,
ပြိုလဲ,2.0,,1.0
ပြိုလဲသွား,1.0,,
ပြီး,20.0,3.0,1.0
ပြီးစီး,5.0,1.0,
ပြီးဆုံး,9.0,7.0,
ပြီးပြည့်စုံ,2.0,,
ပြီးမြောက်,,1.0,
ပြု,15.0,3.0,1.0
ပြုစု,1.0,,
ပြုစုစောင့်ရှောက်,1.0,,
ပြုတ်,2.0,1.0,
ပြုပြင်,8.0,2.0,1.0
ပြုမူ,2.0,,
ပြုမှု,1.0,,
ပြုလုပ်,84.0,16.0,6.0
ပြုလုပ်ဖြစ်,1.0,,
ပြုံးပြ,1.0,,
ပြေပြစ်,1.0,,
ပြော,61.0,15.0,9.0
ပြောကြား,71.0,7.0,7.0
ပြောင်း,3.0,,
ပြောင်းလည်း,,,1.0
ပြောင်းလဲ,25.0,9.0,6.0
ပြောင်းလဲလျှက်ရှိ,1.0,,
ပြောင်းသုံး,,,1.0
ပြောဆို,21.0,2.0,
ပြောလည်း,1.0,,
ပြေး,5.0,2.0,
ပြေးဆွဲ,8.0,1.0,1.0
ပြွတ်ကြပ်,1.0,,
ပြွတ်သိပ်,1.0,,
ပွင့်,1.0,,
ပွင့်လင်း,3.0,,
ပွင့်လင်းဗြောင်ကျ,1.0,,
ပွတ်တိုက်,,1.0,
ပွန်းပဲ့,1.0,,
ပွေ့ဖက်,,,1.0
ပွဲထုတ်,2.0,,
ပွဲသိမ်း,,1.0,
ပွဲဦးထွက်,1.0,,
ဖတ်,8.0,,1.0
ဖတ်ပြ,2.0,,
ဖတ်ရှု,1.0,,
ဖန်တီး,11.0,,1.0
ဖန်တီးပေး,,1.0,
ဖန်းတီ,1.0,,
ဖဖ်းဆီး,1.0,,
ဖမ်း,8.0,,
ဖမ်းချုပ်,,,2.0
ဖမ်းစား,,,1.0
ဖမ်းဆီး,60.0,13.0,6.0
ဖမ်းဆီးနေကြ,1.0,,
ဖမ်းထား,,1.0,
ဖမ်းမိ,4.0,,
ဖမ်းယူ,,,1.0
ဖယ်,,1.0,
ဖယ်ရှား,13.0,2.0,2.0
ဖယ်ရှားခံ,2.0,,1.0
ဖလှယ်,,1.0,
ဖိစီး,1.0,,
ဖိတ်,,1.0,
ဖိတ်ကျ,1.0,,
ဖိတ်ခေါ်,4.0,,
ဖိတ်စင်,1.0,,
ဖိနှိပ်,2.0,,
ဖုံး,4.0,1.0,1.0
ဖုံးကွယ်,1.0,,
ဖုံးလွှမ်းသွား,,,1.0
ဖူလုံ,1.0,,
ဖောက်,4.0,2.0,1.0
ဖောက်ခွဲ,3.0,1.0,3.0
ဖောင်းပွ,3.0,1.0,
ဖော်,4.0,1.0,2.0
ဖော်စပ်,2.0,,
ဖော်ထုတ်,1.0,,
ဖော်ပြ,76.0,13.0,5.0
ဖော်ပြခဲ့,1.0,,
ဖော်ပြထား,,1.0,
ဖော်ပြပါရှိ,1.0,,
ဖျက်,1.0,,1.0
ဖျက်ချ,1.0,,
ဖျက်ခြင်း,1.0,,
ဖျက်စီး,,1.0,
ဖျက်ဆီး,7.0,2.0,
ဖျက်ဆီးခဲ့ပြန်,1.0,,
ဖျက်သိမ်း,12.0,2.0,
ဖျော်ဖြေ,13.0,3.0,
ဖျော်ဖြေထုတ်လွှင့်,1.0,,
ဖြစ်,316.0,236.0,38.0
ဖြစ်ကြ,1.0,,
ဖြစ်စေတတ်,,1.0,
ဖြစ်ဆဲ,,,1.0
ဖြစ်တည်,1.0,1.0,
ဖြစ်တတ်,,1.0,
ဖြစ်နိုင်ချေများ,1.0,,
ဖြစ်နေပုံပေါ်,,1.0,
ဖြစ်ပေါ်,4.0,2.0,1.0
ဖြစ်ပေါ်တတ်,1.0,,
ဖြစ်ပေါ်လာ,4.0,,
ဖြစ်ပျက်,10.0,2.0,
ဖြစ်ပွား,125.0,26.0,13.0
ဖြစ်ပွားတတ်,1.0,,
ဖြစ်လိမ့်,1.0,,
ဖြစ်လျက်ရှိ,1.0,,
ဖြည့်,2.0,,
ဖြည့်စည်း,1.0,,
ဖြည့်စွက်,,1.0,
ဖြည့်ဆည်း,,1.0,
ဖြည့်နေ,1.0,,
ဖြည်းညင်း,1.0,,
ဖြတ်,10.0,1.0,
ဖြတ်ကူး,,,1.0
ဖြတ်ကျော်,1.0,,
ဖြတ်ညှိ,1.0,,
ဖြတ်တောက်,6.0,,1.0
ဖြတ်သန်း,2.0,,
ဖြတ်သန်းလာ,1.0,1.0,
ဖြတ်သွား,,1.0,
ဖြန့်,2.0,,
ဖြန့်ကျက်,2.0,,
ဖြန့်ချ,1.0,,
ဖြန့်ချီ,5.0,2.0,1.0
ဖြန့်ဖြူး,2.0,,
ဖြန့်ဝေ,5.0,,1.0
ဖြန့်ဖြူး,1.0,,
ဖြိုဖျက်,,1.0,
ဖြုတ်,1.0,,
ဖြုတ်ချ,5.0,,
ဖြုံသွားလောက်,,1.0,
ဖြေကြား,2.0,,
ဖြေရှင်း,6.0,1.0,2.0
ဖြောင့်မှန်,1.0,,
ဖွက်,,,1.0
ဖွင့်,11.0,3.0,
ဖွင့်လိုက်,1.0,,
ဖွင့်လှစ်,18.0,4.0,1.0
ဖွင့်လှစ်သွား,1.0,,
ဖွဲ့,1.0,,
ဖွဲ့စည်း,12.0,3.0,
ဖွံ့ဖြိုးတိုးတက်,2.0,,
ဖွံ့ဖြိုးတိုးတတ်,1.0,,
ဗဟိုပြု,1.0,,
ဗုံးကြ,1.0,,
ဗုံးကြဲ,4.0,2.0,
ဗုံးကွဲ,,1.0,
ဗုံးခွဲ,2.0,,1.0
ဘက်လိုက်,1.0,,
ဘက်လိုက်ယိမ်း,,,1.0
ဘောလုံးကန်,1.0,,
ဘောလုံးရိုက်,1.0,,
ဘေးကင်း,4.0,3.0,1.0
ဘေးကပ်သင့်,,,1.0
ဘေးဖယ်,2.0,,
ဘေးမကင်း,,1.0,
မတောင်းပန်,,,1.0
မတ်တတ်,5.0,1.0,
မတ်တတ်ပြေး,1.0,,
မတ်တပ်စီး,4.0,,
မမြင်နိုင်,1.0,,
မသက်သာပြော,,1.0,
မသင်္ကာ,2.0,,
မိ,,1.0,
မိတ်ဆက်,3.0,,1.0
မိတ်ဆက်ပေး,1.0,,
မိတ်ဆက်ပြသ,1.0,,
မိန့်ခွန်းပြော,1.0,,
မိုးခေါင်,1.0,,
မိုးရွာ,1.0,,
မိုးရွာသွန်း,1.0,,
မိုးလေထန်,1.0,,
မီ,1.0,,
မီး,4.0,1.0,
မီးတောက်,,,1.0
မီးထွန်း,1.0,,
မီးဖွား,1.0,,
မီးလောင်,2.0,,
မီးလောင်တတ်,,,1.0
မီးသတ်,1.0,3.0,
မုဒိန်း,1.0,,
မုဒိမ်းကျင့်,1.0,,
မုန်း,,1.0,
မုန်းတီး,1.0,,
မူတည်,4.0,1.0,1.0
မူပိုင်ခွင့်ရှိ,1.0,,
မူမမှန်,1.0,,1.0
မူး,1.0,,
မူးယစ်,,,1.0
မေတ္တာရပ်ခံ,1.0,,
မောင်း,5.0,3.0,1.0
မောင်းနှင်,5.0,2.0,1.0
မေး,2.0,,1.0
မေးမြန်း,3.0,2.0,1.0
မဲ,12.0,5.0,1.0
မဲချ,1.0,,
မဲဆွယ်,3.0,1.0,1.0
မဲဆွယ်လှုပ်ရှား,,,1.0
မဲထည့်,1.0,,
မဲပေး,7.0,2.0,
မဲရေတွက်,1.0,,
မဲရွေးချယ်,1.0,,
မဲလိမ်လည်,1.0,,
မဲ့,,1.0,1.0
မျက်စိကွယ်,1.0,,
မျက်နှာချင်းဆိုင်,1.0,,
မျက်နှာမူ,2.0,,
မျက်နှာသာပေး,1.0,,
များ,43.0,16.0,4.0
များပြား,4.0,3.0,
များပြားလှ,1.0,,
များလာ,1.0,,
မျိုးပွား,,1.0,1.0
မျော,,1.0,
မျော်လင့်,,1.0,
မျှတ,4.0,,
မျှဝေ,1.0,,
မျှော်မှန်း,4.0,2.0,2.0
မျှော်လင့်,11.0,1.0,2.0
မြင့်တက်,14.0,6.0,
မြင့်မာ,1.0,,
မြင်,9.0,7.0,1.0
မြင်တွေ့,4.0,,
မြင်တွေ့ရ,1.0,,
မြင်နိုင်,1.0,,
မြင်ရ,1.0,1.0,1.0
မြင်သာထင်သာ,1.0,,
မြင်သာအောင်ပြ,1.0,,
မြင်သိ,,1.0,
မြူဆိုင်း,1.0,,
မြေတူး,1.0,,
မြေပြင်ရိုက်,1.0,,
မြေမြုပ်,1.0,1.0,
မြေမြှုပ်,1.0,,
မြဲမြံ,2.0,,
မြှင့်တက်,2.0,,
မြှင့်တင်,4.0,1.0,
မြှပ်နှံ,1.0,,
မြှပ်နှံသင်္ဂြိုဟ်,1.0,,
မြှားပစ်,1.0,,
မြှုပ်,1.0,,
မြှုပ်နှံ,3.0,,1.0
မွေး,,2.0,1.0
မွေးဖွား,27.0,6.0,4.0
မှတ်ချက်ချ,2.0,,
မှတ်ချက်ပြု,1.0,,
မှတ်တမ်းတင်,9.0,4.0,2.0
မှတ်တမ်းတင်နိုင်,1.0,,
မှတ်တမ်းထားရှိ,1.0,,
မှတ်တမ်းရေး,1.0,,
မှတ်တမ်းဝင်,2.0,,
မှတ်တမ်းသွင်း,,1.0,
မှတ်ပုံတင်,4.0,,
မှတ်သား,3.0,,
မှတ်သားထား,,1.0,
မှတ်သားထိုက်,,1.0,
မှန်,1.0,,
မှန်ကန်,2.0,6.0,
မှာ,2.0,,
မှားယွင်း,8.0,3.0,1.0
မှီ,1.0,1.0,
မှီခို,4.0,1.0,1.0
မှီခိုအားထား,,1.0,
မှီတင်း,1.0,,
မှီတင်းနေထိုင်,,,1.0
မှောက်,2.0,,
မှေးမှိန်,1.0,,
ယဉ်ကျေး,1.0,,
ယဥ်ကျေး,1.0,1.0,
ယာဉ်တိုက်,2.0,,
ယာဉ်မှောက်,1.0,,
ယာဥ်မတော်တဆ,1.0,,
ယိမ်းယိုင်,1.0,,
ယိုစိမ့်,3.0,2.0,
ယိုစိမ့်တက်,1.0,,
ယိုဖိတ်,2.0,,2.0
ယိုယွင်း,1.0,,
ယုတ္တိရှိ,1.0,,
ယုံကြည်,15.0,8.0,
ယူ,27.0,7.0,3.0
ယူဆ,1.0,,
ယူဆောင်,,1.0,
ယောင်ဆောင်,1.0,,
ယှဉ်,1.0,,1.0
ယှဉ်တွဲ,,1.0,
ယှဉ်ပြိုင်,18.0,9.0,3.0
ယှဉ်၍,1.0,,
ယှဥ်ပြိုင်,7.0,2.0,1.0
ရ,69.0,28.0,3.0
ရက်စက်,4.0,,
ရင်ခွဲ,1.0,,
ရင်ဆိုင်,15.0,9.0,
ရင်ဆိုင်ရ,1.0,,
ရင်ထိတ်,,1.0,
ရင်ဝယ်ပိုက်,,,1.0
ရင်းနှီး,6.0,4.0,
ရင်းနှီးမြှုပ်နှံ,10.0,3.0,1.0
ရင်းနှီးမြှူပ်နှံ,2.0,,
ရင်းသွင်း,1.0,,
ရည်စူး,1.0,,
ရည်ညွှန်း,1.0,,
ရည်မှန်း,3.0,2.0,1.0
ရည်ရွယ်,13.0,5.0,1.0
ရထားတိုက်,3.0,,
ရနိုင်,2.0,,1.0
ရန်လို,1.0,1.0,
ရပ်,11.0,2.0,
ရပ်စဲ,4.0,2.0,
ရပ်ဆိုင်း,11.0,,1.0
ရပ်တည်,12.0,4.0,2.0
ရပ်တန့်,8.0,1.0,2.0
ရပ်နား,4.0,2.0,
ရယူ,11.0,1.0,
ရယ်,,1.0,
ရရှိ,121.0,32.0,12.0
ရာထူးချ,1.0,,
ရိတ်သိမ်း,1.0,,
ရိုက်,17.0,4.0,
ရိုက်ကူး,7.0,1.0,
ရိုက်ကြည့်,1.0,,
ရိုက်ခတ်,7.0,4.0,1.0
ရိုက်ချ,1.0,,
ရိုက်နှက်,1.0,,
ရိုက်ပြ,,1.0,
ရိုက်မိ,1.0,,
ရိုက်ယူ,,1.0,
ရိုင်းပြ,1.0,,
ရိုး,2.0,,1.0
ရိုးသား,1.0,,
ရုတ်သိမ်း,2.0,2.0,
ရုန်းကန်,,1.0,
ရုပ်သိမ်း,5.0,1.0,
ရုပ်သိမ်းလိုက်,1.0,,
ရုပ်သံလွှင့်,1.0,,
ရုံးတင်,2.0,,
ရုံးတင်စစ်ဆေးမည်,,,1.0
ရုံးထုတ်ခံ,1.0,,
ရေကူး,3.0,5.0,1.0
ရေကြီး,11.0,1.0,
ရေငုပ်,2.0,1.0,1.0
ရေငွေ့ပျံ,1.0,,
ရေတွက်,4.0,2.0,2.0
ရေဒီယိုသတ္တိကြွ,,1.0,
ရေနစ်,1.0,,
ရေနံ-ထုတ်လုပ်,1.0,,
ရေပန်းစား,1.0,1.0,
ရေလွှမ်း,1.0,,
ရော,4.0,,1.0
ရောက်,65.0,15.0,9.0
ရောက်ရှိ,3.0,1.0,
ရောက်လာ,1.0,,
ရောဂါသတ်မှတ်,,1.0,
ရောင်ပြန်ကွေးညွှတ်,,,1.0
ရောင်ရမ်း,1.0,,
ရောင်း,5.0,3.0,
ရောင်းကုန်,1.0,,
ရောင်းချ,20.0,3.0,
ရောင်းဝယ်,1.0,,
ရောထွေး,1.0,,
ရေး,2.0,,1.0
ရေးကြီး,1.0,,
ရေးဆွဲ,6.0,2.0,1.0
ရေးတင်,1.0,,
ရေးထိုး,5.0,1.0,1.0
ရေးဖွဲ့,2.0,,
ရေးသား,19.0,1.0,
ရဲစွမ်း,,1.0,
ရွက်လွင့်,1.0,,
ရွာသွန်း,2.0,,
ရွေ့,,1.0,
ရွေ့ဆိုင်း,,1.0,
ရွေ့ပြောင်း,1.0,,
ရွေ့လျား,2.0,1.0,
ရွေးကောက်,9.0,1.0,
ရွေးကောက်ခံ,1.0,,
ရွေးချယ်,18.0,6.0,2.0
ရွေးချယ်ခံ,1.0,,
ရွေးချယ်တင်မြှောက်,1.0,,
ရွေးချယ်ထား,,1.0,
ရွှေ့,9.0,,1.0
ရွှေ့ပြောင်း,6.0,1.0,1.0
ရှင်,2.0,,
ရှင်သန်,1.0,,
ရှင်းထုတ်,1.0,,
ရှင်းပြ,3.0,,
ရှင်းလင်း,14.0,3.0,3.0
ရှင်းလင်းမြင်သာ,,1.0,
ရှင်းလင်းသန့်စင်,1.0,,
ရှည်ကြာ,1.0,,
ရှာ,3.0,3.0,
ရှာတွေ့,3.0,,
ရှာဖွေ,38.0,7.0,7.0
ရှာဖွေစူးစမ်း,1.0,,
ရှာလိမ့်,1.0,,
ရှိ,488.0,262.0,65.0
ရှိကြ,1.0,,
ရှိခိုး,4.0,1.0,
ရှိခဲ့ကြ,1.0,1.0,
ရှိခဲ့ရာ,1.0,,
ရှိဆဲ,1.0,,1.0
ရှိတတ်,1.0,,
ရှိနေဆဲ,,1.0,
ရှိနှင့်ပြီး,1.0,,
ရှိသေး,2.0,1.0,
ရှို့,2.0,2.0,1.0
ရှုတ်ချ,1.0,,
ရှုပ်,1.0,1.0,
ရှုပ်ချ,1.0,,
ရှုရှိုက်ရ,,1.0,
ရှုံး,7.0,2.0,1.0
ရှုံးနိမ့်,20.0,3.0,2.0
ရှူ,2.0,,
ရှူရှိုက်မိ,1.0,,
ရှောင်တိမ်း,,1.0,
ရှောင်ရှား,1.0,,1.0
ရှေ့ဆက်တက်,1.0,,
ရှေ့ဆောင်,1.0,,
ရှေ့တက်,1.0,,
ရှေ့နေလိုက်,2.0,,
ရှေးကျ,2.0,,
ရှေးရိုးစွဲ,1.0,,
ရှံးနိမ့်,1.0,,
လက်ကမ်းမှီ,1.0,,
လက်ခံ,16.0,6.0,3.0
လက်ခံကျင်းပ,1.0,,
လက်ခံနိုင်,,1.0,
လက်ဆော့,1.0,,
လက်တွေ့ကျ,1.0,,
လက်တွေ့လုပ်ဆောင်,1.0,,
လက်ထက်ထိမ်းမြား,1.0,,
လက်ထပ်,5.0,1.0,1.0
လက်ထပ်ခွင့်တောင်း,1.0,,
လက်နက်ချ,1.0,,
လက်ပစ်ကူး,2.0,,
လက်ပြောင်း,1.0,,
လက်ဖြောင့်,1.0,1.0,
လက်မခံ,1.0,,
လက်မခံနိုင်,,1.0,
လက်မထပ်,1.0,,
လက်မှတ်ထိုး,5.0,,1.0
လက်လီရောင်းချ,1.0,,
လက်လျော့,,1.0,1.0
လက်လွှတ်,1.0,,
လက်လွှဲပေး,1.0,,
လက်လှမ်းမမီ,1.0,,
လက်ဝယ်,1.0,,
လက်ဝယ်ထားရှိ,1.0,,
လက်ဝယ်ရှိ,,1.0,
လက်ဝါးကြီးအုပ်,1.0,,
လက်သရမ်း,1.0,,
လစ်လပ်,2.0,,1.0
လစ်လျူရှူ,,1.0,
လည့်လည်,,,1.0
လည်,1.0,,
လည်ထွက်,1.0,,
လည်ပတ်,5.0,3.0,1.0
လတ်ဆတ်,1.0,,
လတ်မှတ်ထိုး,1.0,,
လမ်းချော်,3.0,2.0,1.0
လမ်းညွှန်,,1.0,
လမ်းညွှန်ပေး,1.0,,
လမ်းပိတ်ဆို့,,,1.0
လမ်းလျှောက်,5.0,1.0,2.0
လာ,28.0,11.0,2.0
လိင်တူဆက်ဆံ,3.0,1.0,
လိမ်ညာ,1.0,1.0,
လိမ်လည်,7.0,1.0,
လို,,1.0,1.0
လိုက်,9.0,5.0,1.0
လိုက်စား,1.0,,
လိုက်နာ,6.0,2.0,3.0
လိုက်ပါ,5.0,,
လိုက်ပါစီးနင်း,1.0,,
လိုက်ပို့,1.0,,
လိုက်မီ,1.0,,
လိုက်ရှာ,2.0,,
လိုက်လံ,,1.0,
လိုက်လျော,2.0,1.0,
လိုငွေပြ,2.0,,
လိုလား,2.0,1.0,
လိုအပ်,12.0,8.0,3.0
လုပ်,55.0,12.0,8.0
လုပ်ကိုင်,11.0,1.0,
လုပ်ကြံ,3.0,,
လုပ်ကြံခံ,2.0,,
လုပ်ငန်းလုပ်,1.0,,
လုပ်ဆောင်,56.0,9.0,7.0
လုပ်နေ,,1.0,
လုယက်,2.0,,1.0
လုယူ,1.0,1.0,
လုံခြုံ,36.0,16.0,2.0
လုံခြုံမှုရှိ,1.0,,
လုံလောက်,10.0,3.0,1.0
လူကြိုက်နည်း,1.0,,
လူစုဝေး,1.0,,
လူမဲ့,,1.0,
လူသတ်,6.0,2.0,
လူသတ်မှုကျူးလွန်,1.0,,
လူသားချင်းစာနာ,,1.0,
လူသိနည်း,,1.0,
လူသိများလာ,1.0,,
လေကျင့်,1.0,,
လေငြိမ်,1.0,,
လေတိုက်ခံ,1.0,,
လေဖိအားနည်း,1.0,,
လေဖြတ်,2.0,,
လေယာဉ်မောင်း,1.0,,
လေလံတင်,,1.0,
လောင်,7.0,8.0,5.0
လောင်ကျွမ်း,6.0,,
လောင်မြိုက်,1.0,,
လောင်းချ,1.0,,
လေ့ကျင့်,7.0,2.0,1.0
လေ့လာ,12.0,2.0,2.0
လေ့လာနိုင်,1.0,,
လေးစား,3.0,,1.0
လေးစားသ,,1.0,
လေးလံ,2.0,,
လဲ,3.0,2.0,1.0
လဲကျ,1.0,,
လဲကျသွား,1.0,,
လဲလျောင်း,1.0,,
လဲလျောင်းတိုက်ခိုက်,,1.0,
လဲလှယ်,1.0,,1.0
လျင်မြန်,5.0,,
လျစ်လျူရှု,1.0,,
လျာထား,4.0,,
လျော့,5.0,2.0,
လျော့ကျ,4.0,3.0,1.0
လျော့နည်း,5.0,,
လျော့နည်းလာ,1.0,,
လျော့နည်းသွား,1.0,,
လျှို့ဝှက်,3.0,1.0,
လျှောက်,1.0,,
လျှောက်ထား,1.0,1.0,
လျှောက်သွား,1.0,,
လျှော့,2.0,1.0,
လျှော့ကျ,2.0,1.0,
လျှော့ချ,10.0,7.0,
လျှော်ဖွတ်,1.0,,
လွင့်ပြယ်,1.0,,
လွင့်မြော,1.0,,
လွင့်လာ,,1.0,
လွတ်,2.0,,
လွတ်ကင်း,1.0,,
လွတ်ငြိမ်း,7.0,3.0,
လွတ်တင်,,1.0,
လွတ်မြောက်,7.0,3.0,
လွတ်လပ်,9.0,4.0,1.0
လွန်,19.0,4.0,3.0
လွန်ကဲ,1.0,1.0,
လွန်းတင်,1.0,,
လွဲ,,1.0,
လွဲချော်,1.0,1.0,
လွှင့်,,1.0,
လွှင့်တင်,1.0,1.0,
လွှင့်ထုတ်,1.0,,
လွှင့်ထူ,2.0,,1.0
လွှတ်,4.0,2.0,
လွှတ်တင်,10.0,,1.0
လွှတ်ပေး,1.0,,
လွှတ်မြောက်,1.0,,
လွှမ်းခြုံ,1.0,,
လွှမ်းမိုး,15.0,3.0,1.0
လွှဲ,1.0,,
လွှဲပြောင်း,8.0,,1.0
လွှဲပြောင်းယူဖို့,1.0,,
လွှဲအပ်,1.0,,1.0
လှည့်,1.0,,
လှည့်ပတ်,4.0,1.0,
လှည့်လည်,4.0,1.0,
လှန်လှော,1.0,,
လှိုက်စား,1.0,,
လှိုက်ထွက်,,1.0,
လှိုင်းစီး,1.0,,
လှုဒါန်း,1.0,,
လှုပ်,2.0,1.0,3.0
လှုပ်ခတ်,4.0,,
လှုပ်ရှား,26.0,5.0,1.0
လှုပ်ရှားတက်ကြွ,1.0,,
လှုပ်လျား,1.0,,
လှုံ့ဆော်,2.0,1.0,
လှူဒါန်း,,,1.0
လှောင်,1.0,1.0,
လှောင်ပြောင်သရော်,,1.0,
လှော်,1.0,1.0,
ဝက်ရူးပြန်,2.0,,
ဝင်,17.0,2.0,1.0
ဝင်ခွင့်ပြု,,1.0,1.0
ဝင်ငွေရှာ,1.0,,
ဝင်စီး,1.0,,
ဝင်စွက်ဖက်,1.0,,
ဝင်တိုက်,2.0,1.0,
ဝင်ပြိုင်,1.0,,
ဝင်ရောက်,33.0,4.0,2.0
ဝင်သွား,1.0,1.0,
ဝတ်,1.0,,
ဝတ်ဆင်,7.0,2.0,
ဝတ်ပြု,5.0,1.0,
ဝန်ခံ,1.0,2.0,
ဝန်ဆောင်,11.0,4.0,2.0
ဝန်ရံ,1.0,,
ဝန်းရံ,4.0,,
ဝပ်,1.0,,
ဝမ်းနည်း,2.0,2.0,
ဝမ်းနည်းကြေကွဲ,1.0,,
ဝယ်,5.0,4.0,
ဝယ်ယူ,6.0,,
ဝါဝင်,1.0,,
ဝုန်းဒိုင်းကြဲ,1.0,,
ဝေဖန်,9.0,,1.0
ဝေဖန်ဆွေးနွေး,,,1.0
ဝေမျှ,,,1.0
ဝေးလံ,1.0,,
ဝေးလံခေါင်ဖျား,1.0,,
ဝှက်,1.0,,
သက်ဆင်း,1.0,,
သက်ဆိုင်,6.0,2.0,2.0
သက်တမ်းကုန်,3.0,1.0,
သက်တမ်းကုန်ဆုံး,1.0,,
သက်တမ်းကုန်သွား,,1.0,
သက်တမ်းနု,,1.0,
သက်ရောက်,25.0,3.0,3.0
သက်ဝင်,1.0,,
သက်သက်,1.0,,
သက်သာ,1.0,,
သက်သေခံ,1.0,,
သက်သေထွက်ဆို,1.0,,
သက်သေပြ,2.0,,
သင့်,1.0,,
သင့်တော်,3.0,2.0,
သင့်လျော်,6.0,,
သင်,1.0,,
သင်ကြား,3.0,,
သင်ယူ,1.0,,
သစ္စာစောင့်သိ,1.0,,
သည်းခံ,1.0,,
သည်းထန်,3.0,2.0,
သတင်းပို့,1.0,1.0,
သတင်းပေး,2.0,,
သတင်းပေးပို့,1.0,,
သတိထား,3.0,,
သတိထားပြု,1.0,,
သတိပေး,10.0,3.0,1.0
သတိမပြု,,1.0,
သတိမရှိ,,1.0,
သတိလစ်,1.0,,
သတ္တိမရှိ,1.0,,
သတ်,20.0,4.0,2.0
သတ်ဖျက်,1.0,,
သတ်ဖြတ်,1.0,,
သတ်ဖြတ်ခဲ့မှု,1.0,,
သတ်မှတ်,26.0,8.0,1.0
သန့်စင်,1.0,,
သန်စွမ်း,1.0,1.0,
သန်မာ,1.0,,
သပိတ်မှောက်,5.0,,
သဘောကျ,1.0,,
သဘောတူ,28.0,3.0,3.0
သယ်,6.0,1.0,2.0
သယ်ဆောင်,1.0,,
သယ်ယူ,5.0,,
သရုပ်ဆောင်,10.0,1.0,
သရုပ်ပြ,1.0,1.0,
သရုပ်မဆောင်,1.0,,
သရေကျ,1.0,,2.0
သရေကျအောင်ကန်,1.0,,
သရေဖျက်,1.0,,
သာ,,,1.0
သာယာ,,,1.0
သာလွန်,1.0,,1.0
သိ,20.0,8.0,4.0
သိကြ,2.0,,
သိချင်ယောင်ဆောင်,1.0,,
သိပ္ပံနည်းကျ,,1.0,
သိမ်မွေ့,1.0,,
သိမ်းဆည်း,5.0,,
သိမ်းထား,1.0,,
သိမ်းပိုက်,4.0,1.0,
သိမ်းယူခံ,1.0,,
သိမြင်,2.0,,
သိမြင်နိင်,1.0,,
သိရှိ,1.0,1.0,1.0
သိရှိနားလည်,1.0,,
သိရှိလာ,,1.0,
သိသာ,4.0,1.0,2.0
သိသာထင်ရှား,11.0,3.0,1.0
သို,3.0,1.0,1.0
သီဆို,2.0,,
သုံး,22.0,7.0,
သုံးစွဲ,20.0,7.0,1.0
သုံးသပ်,4.0,2.0,
သုံး၍,1.0,,
သူငယ်ပြန်,1.0,,
သူလျှိုလုပ်,1.0,,
သေ,12.0,7.0,2.0
သေကျေ,2.0,,
သေကြောင်း,1.0,,
သေကြောင်းကြံ,2.0,1.0,1.0
သေကြောင်းကြံစည်,3.0,2.0,
သေချာ,6.0,3.0,
သေဆုံး,169.0,25.0,33.0
သေဆုံးသွား,,,1.0
သေဒဏ်ပေး,1.0,,
သေနတ်မှန်,1.0,,
သောက်,6.0,2.0,
သောင်တင်,6.0,,
သောင်းကျန်း,1.0,3.0,1.0
သေးငယ်,2.0,,
သေးဆုံး,1.0,,
သဲကွဲ,1.0,1.0,
သြဇာညောင်း,,1.0,
သွင်း,14.0,6.0,2.0
သွား,10.0,6.0,
သွားကြည့်,1.0,,
သွားနိုင်,,2.0,
သွားနေ,1.0,,
သွားရောက်,1.0,1.0,
သွားရောက်လည်ပတ်,1.0,,
သွားလာ,2.0,2.0,
သွေးဆင်း,,1.0,
သွေးထွက်,1.0,,
ဟင်းချို,1.0,,
ဟန့်တား,1.0,,
ဟုတ်,15.0,29.0,
ဟောင်းနွမ်းစုတ်ပြတ်,1.0,,
ဟောပြော,3.0,1.0,1.0
အ,3.0,,
အကန့်သတ်,1.0,,
အကူအညီပေး,3.0,,
အကောင်အထည်ဖော်,4.0,,
အကဲခတ်,,1.0,
အကဲဖြတ်,,1.0,
အက်ကွဲ,2.0,,
အကျင်းချခံထား,1.0,,
အကျဉ်းချ,3.0,2.0,
အကျဉ်းချုံး,,,1.0
အကျယ်ချဲ့,1.0,,
အကျဥ်းကျခံ,1.0,,
အကျဥ်းချ,1.0,,
အကျိုးပြု,1.0,,
အကျိုးရှိ,2.0,,
အကြမ်းဖက်,36.0,7.0,1.0
အကြာရှည်ဆုံး,1.0,,
အကြောင်းကြား,1.0,,
အကြောင်းပြ,1.0,,
အကြောင်းပြန်,1.0,,
အကြောင်းရင်း,1.0,,
အကြံပေး,2.0,,
အကြံပြု,2.0,,
အခိုင်အမာဖော်ပြ,1.0,,
အခိုးခံ,1.0,,
အချက်ပြ,2.0,,1.0
အချိန်ကုန်,1.0,,
အချိန်ဖြုန်း,1.0,,
အခြေခံ,8.0,3.0,
အခြေခံကျ,1.0,,
အခြေခံထား,1.0,,
အခြေချ,4.0,,
အခြေစိုက်,16.0,2.0,2.0
အခြေဆိုက်,1.0,,
အခြေပြု,3.0,,1.0
အခွန်ထမ်းရ,1.0,,
အင်အားချဲ့,1.0,,
အင်အားဖြည့်,1.0,,
အငြင်းပွား,11.0,5.0,2.0
အငွေ့ပျံ,1.0,,
အငွေ့ပြန်,1.0,,
အငှားချ,1.0,,
အစပျိုး,2.0,1.0,
အစပြု,4.0,1.0,
အစာငတ်ခံ,1.0,,
အစားထိုး,14.0,2.0,
အစားထိုးဝင်,1.0,,
အစီစဉ်,1.0,,
အစီစဉ်ချမှတ်,1.0,,
အစီရင်ခံ,14.0,4.0,4.0
အစီအစဉ်ရေးဆွဲ,1.0,,
အစုစပ်ဝင်,1.0,,
အစွန်းမရောက်,1.0,,
အစွန်းရောက်,3.0,,
အဆက်အသွယ်မလုပ်,1.0,,
အဆက်အသွယ်ရှိ,1.0,,
အဆင့်မြှင့်,,1.0,
အဆင့်သတ်မှတ်,1.0,,
အဆင်ပြေ,1.0,2.0,
အဆင်မပြေ,2.0,,
အဆင်သင့်,2.0,,
အဆိပ်ရှိ,,,1.0
အဆိပ်သင့်,1.0,,
အဆိုပြု,2.0,,
အဆုံးစီရင်,2.0,,1.0
အဆုံးဖြတ်ပေး,2.0,,
အဆုံးသက်,,,1.0
အဆုံးသတ်,21.0,10.0,3.0
အညံ့ခံ,1.0,,
အတည်ပြု,27.0,6.0,1.0
အတည်ပြုခဲ့ပြီး,1.0,,
အတိုက်အခံပြု,1.0,,
အတိုတောင်းဆုံး,1.0,,
အတုပြ,1.0,,
အတွင်းကျ,,1.0,
အထင်ကြီးလောက်,1.0,,
အထိတ်တလန့်,1.0,,
အထုတ်ပယ်,1.0,,
အထူးတီထွင်,,,1.0
အဓမ္မကျင့်,1.0,,
အဓိပ္ပာယ်ရ,1.0,,
အနည်းငယ်,1.0,,1.0
အနားယူ,7.0,,1.0
အနိုင်ယူ,4.0,1.0,
အနိုင်ရ,40.0,9.0,3.0
အနိုင်ရိုက်,1.0,,
အန္တရာယ်ကင်း,,1.0,
အန္တရာယ်ရှိ,1.0,,
အပစ်ခံ,2.0,,
အပန်းဖြေ,1.0,,1.0
အပိတ်,1.0,,
အပိုင်စီး,1.0,,
အပူ-ကာကွယ်,1.0,,
အပူကာ,1.0,,
အပ်နေကျ,1.0,,
အပ်နှံ,2.0,,
အပြစ်တင်,1.0,,
အပြစ်ပုံချ,,1.0,
အပြစ်ပေး,1.0,,
အပြစ်မ,1.0,,
အပြစ်ရှိ,1.0,,
အပြန်အလှန်ပြောဆို,1.0,,
အပြီးသတ်,3.0,2.0,1.0
အပြီးသတ်နိုင်,1.0,,
အပြုသဘောမဆောင်,,1.0,
အဖမ်းခံ,6.0,2.0,
အဖမ်းအဆီး,1.0,,
အဖြေထွက်,1.0,,
အမည်တပ်,4.0,,
အမည်တွင်,3.0,,
အမည်မပေး,1.0,,
အမည်မှည့်,1.0,,
အမိန့်ထုတ်,1.0,,
အမိန့်ပေး,,1.0,
အမဲလိုက်,,,1.0
အမြင်ရှိ,1.0,,
အမြစ်တွယ်,1.0,,
အမြတ်ထုတ်,1.0,,
အမွှန်းတင်လွန်း,1.0,,
အမှုစစ်,,1.0,
အယူခံဝင်,3.0,,1.0
အယူသည်း,,,1.0
အရက်သောက်သုံး,,1.0,
အရည်ပျော်,1.0,,
အရည်ပျော်သွား,2.0,,
အရောင်တင်,1.0,,
အရေးကြီး,11.0,3.0,1.0
အရေးနိမ့်,1.0,,
အရေးပါ,9.0,6.0,
အရေးပါလှ,1.0,,
အရေးမထားလောက်,,,1.0
အရေးမပါ,1.0,,
အရေးယူ,5.0,,
အရေးအကြီး,,1.0,
အရွေးခံ,2.0,1.0,
အရှက်ရ,1.0,,
အရှုံးမ,1.0,,
အလည်,1.0,,
အလားတူ,1.0,1.0,
အလားလာရှိ,1.0,,
အလားအလာရှိ,1.0,,
အလုပ်ခန့်,1.0,,
အလုပ်ခေါ်,1.0,,
အလုပ်ဖြုတ်,,,1.0
အလုပ်မလုပ်,1.0,,
အလုပ်လုပ်,5.0,1.0,
အလုပ်လုပ်ကြ,,,1.0
အလုပ်ဝင်,,,1.0
အလေးထား,1.0,,
အလဲထိုး,2.0,,
အလျော့ပေး,1.0,,
အလွန်အေး,1.0,,
အလွဲသုံး,1.0,,
အလွဲသုံးစားလုပ်,,,1.0
အလှည့်ကျ,2.0,1.0,
အလှပြင်,1.0,,
အဝေးထွက်,1.0,,
အသက်ရှင်,8.0,2.0,2.0
အသက်ရှင်မကျန်ရစ်,,1.0,
အသက်ရှုနိုင်,1.0,,
အသက်ဝင်,,,1.0
အသက်သွင်း,1.0,,
အသင့်စောင့်,1.0,,
အသစ်ပြင်,1.0,,
အသတ်ခံ,26.0,6.0,
အသရေဖျက်,2.0,,
အသားစား,1.0,,
အသားပေး,1.0,1.0,
အသားပေးဖော်ပြ,,1.0,
အသိပေး,1.0,1.0,
အသိမှတ်မပြု,,1.0,
အသိအမှတ်ပြု,4.0,1.0,
အသိုက်ဆောက်,,1.0,
အသုံးချ,2.0,,
အသုံးပြု,62.0,11.0,12.0
အသုံးပြုထား,1.0,,
အသုံးပြုလိမ့်မည်,1.0,,
အသုံးမပြု,3.0,1.0,
အသုံးမပြုလို,1.0,,
အသုံးများ,1.0,,
အသုံးဝင်,1.0,1.0,
အသုံးဝင်လိမ့်,1.0,,
အသေကြေဆုံး,1.0,,
အသံလွှင့်,3.0,,
အာဏာရှိ,1.0,,
အာဏာသိမ်း,4.0,,1.0
အာဏာသိမ်းယူ,1.0,,
အာဏာအပ်,3.0,,
အာမခံ,1.0,1.0,
အာမခံပေး,1.0,,
အာမမခံ,1.0,,
အာရုံစိုက်,7.0,,2.0
အာရုံပြောင်း,1.0,,
အာသာဖြေ,,1.0,
အားထုတ်,1.0,,
အားပေး,5.0,,
အားပြင်း,2.0,,
အားဖြည့်,,1.0,
အားသာ,1.0,,
အိတ်ဖွင့်,,,1.0
အိပ်,1.0,,
အိပ်စက်,,,1.0
အိပ်ပျော်,,1.0,
အိပ်ရ,1.0,,
အုပ်ချုပ်,14.0,3.0,2.0
အုပ်ချူပ်,,2.0,
အုပ်စိုး,1.0,,
အုံကြွ,1.0,,
အောက်ရှိ,1.0,,
အောင်,5.0,2.0,
အောင်နိုင်,5.0,,
အောင်ပွဲရ,1.0,,
အောင်မြင်,28.0,6.0,6.0
အောင်မြင်သွား,1.0,,
အော့အန်,,1.0,
အော်ဟစ်,2.0,,
အေးခဲခြောက်သွေ့,1.0,,
အံ့သြ,3.0,,
အံ့အားသင့်,2.0,1.0,
အံ့ဩ,,1.0,1.0
အံ့ဩစရာ,,1.0,
ဤသို့,1.0,,
ဥပဒေပြု,3.0,1.0,
ဥပဒေသတ်မှတ်,2.0,,
ဦတည်,1.0,,
ဦးစားပေး,2.0,1.0,
ဦးဆောင်,43.0,11.0,4.0
ဦးဆောင်လမ်းပြ,1.0,,
ဦးတည်,8.0,2.0,
ဦးမော့,1.0,,
ဩဘာပေး,,,1.0
၁၃၀,1.0,,
