value,dwin,hnai
ရှိ,488,65
ဖြစ်,316,38
သေဆုံး,169,33
ကစား,62,14
ပါဝင်,255,13
ဖြစ်ပွား,125,13
ရရှိ,121,12
တွေ့,63,12
အသုံးပြု,62,12
စတင်,126,11
နေထိုင်,73,9
ကျင်းပ,101,9
ရောက်,65,9
ပြော,61,9
လုပ်,55,8
ပေါက်ကွဲ,51,7
လုပ်ဆောင်,56,7
ပြောကြား,71,7
ရှာဖွေ,38,7
တိုက်ခိုက်,83,6
ပြုလုပ်,84,6
ဖမ်းဆီး,60,6
တည်ရှိ,62,6
ထိန်းသိမ်း,31,6
ထား,32,6
ပြောင်းလဲ,25,6
ပြင်းထန်,28,6
တွေ့ဆုံ,25,6
ဆန့်ကျင်,36,6
အောင်မြင်,28,6
ဖော်ပြ,76,5
တင်,23,5
ပစ်ခတ်,20,5
လောင်,7,5
ကျော်,50,5
ပိတ်,31,5
ထုတ်လုပ်,23,5
များ,43,4
ပို,40,4
ဦးဆောင်,43,4
ထုတ်,51,4
ကျ,25,4
သိ,20,4
ပိုမို,29,4
ထိခိုက်,24,4
မွေးဖွား,27,4
စီစဉ်,20,4
အစီရင်ခံ,14,4
ဆောင်ရွက်,20,4
ကန့်ကွက်,7,4
တားမြစ်,5,4
ပျက်,20,4
ထုတ်ဖော်,4,4
ရ,69,3
ဆုံးဖြတ်,20,3
အဆုံးသတ်,21,3
အနိုင်ရ,40,3
ယှဉ်ပြိုင်,18,3
လိုအပ်,12,3
ယူ,27,3
တိုးတက်,26,3
ပေါ်,25,3
ထမ်းဆောင်,26,3
စမ်းသပ်,19,3
လက်ခံ,16,3
ခံစား,20,3
တိုက်,31,3
စစ်ဆေး,20,3
တင်ပြ,20,3
လွန်,19,3
သဘောတူ,28,3
သက်ရောက်,25,3
ရှင်းလင်း,14,3
ကွယ်လွန်,25,3
ချ,6,3
လိုက်နာ,6,3
ပျော်,,3
ထည့်,22,3
ပစ်,10,3
ဖောက်ခွဲ,3,3
လှုပ်,2,3
ပေး,62,2
လုံခြုံ,36,2
လာ,28,2
တူညီ,16,2
တရားဝင်,29,2
ကြော်ငြာ,36,2
ကျဆင်း,27,2
ကြာ,40,2
ဆုံးရှုံး,21,2
တည်ဆောက်,20,2
တက်,14,2
သေ,12,2
ရွေးချယ်,18,2
သွင်း,14,2
ထုတ်ပြန်,38,2
ပိုင်ဆိုင်,14,2
အငြင်းပွား,11,2
ခွဲခြား,5,2
ဝင်ရောက်,33,2
သတ်,20,2
ထိန်းချုပ်,19,2
ရပ်တည်,12,2
ဝန်ဆောင်,11,2
မှတ်တမ်းတင်,9,2
ရှုံးနိမ့်,20,2
အုပ်ချုပ်,14,2
ကူညီ,13,2
ထင်ရှား,12,2
ပြိုကျ,7,2
ကြား,6,2
ကျွမ်းကျင်,5,2
ပြန်လာ,5,2
ဆွေးနွေး,26,2
အခြေစိုက်,16,2
ဖယ်ရှား,13,2
လေ့လာ,12,2
စောင့်,9,2
ကယ်ဆယ်,8,2
အသက်ရှင်,8,2
စုဝေး,6,2
သက်ဆိုင်,6,2
တက်ရောက်,4,2
မျှော်မှန်း,4,2
ရေတွက်,4,2
စံချိန်တင်,1,2
ပျံသန်း,14,2
နိုင်,13,2
ပြန်ပေးဆွဲ,13,2
တည်ထောင်,12,2
တင်သွင်း,11,2
မျှော်လင့်,11,2
ရပ်တန့်,8,2
စား,6,2
ဖြေရှင်း,6,2
သယ်,6,2
တင်ဆက်,5,2
လမ်းလျှောက်,5,2
ဖော်,4,2
သိသာ,4,2
ပြိုင်,3,2
ပို့,2,2
ထုတ်ယူ,,2
အာရုံစိုက်,7,2
ခွင့်ပြု,6,2
ခွဲထွက်,4,2
ပျောက်ကွယ်,2,2
ယိုဖိတ်,2,2
သရေကျ,1,2
ဖမ်းချုပ်,,2
ပျက်စီး,16,1
ပြန်,20,1
သတ်မှတ်,26,1
ထောက်ပံ့,25,1
စုံစမ်း,20,1
ကျန်,19,1
အကြမ်းဖက်,36,1
ထုတ်ဝေ,23,1
သုံးစွဲ,20,1
ပေါင်း,19,1
မြင်,9,1
ချမှတ်,8,1
အတည်ပြု,27,1
ထွက်,20,1
ပါ,19,1
ကျူးလွန်,12,1
လှုပ်ရှား,26,1
ဆန္ဒပြ,23,1
နေ,16,1
ရည်ရွယ်,13,1
မဲ,12,1
ကာကွယ်,10,1
လိုက်,9,1
ရေကူး,3,1
တိုး,18,1
ဖွင့်လှစ်,18,1
လွတ်လပ်,9,1
ကြိုးပမ်း,7,1
ရိုက်ခတ်,7,1
ပစ်လွှတ်,4,1
ဆိုင်,26,1
ပြီး,20,1
ပြု,15,1
လွှမ်းမိုး,15,1
ကွဲပြား,12,1
ပြင်ဆင်,11,1
သိသာထင်ရှား,11,1
အရေးကြီး,11,1
ရင်းနှီးမြှုပ်နှံ,10,1
လုံလောက်,10,1
သတိပေး,10,1
ချိုးဖောက်,9,1
မှားယွင်း,8,1
ကြိုက်,5,1
မောင်း,5,1
လည်ပတ်,5,1
ဘေးကင်း,4,1
လျော့ကျ,4,1
တရားမျှတ,3,1
ပို့ဆောင်,3,1
ပြည့်,3,1
သောင်းကျန်း,1,1
ထွက်ခွာ,20,1
ဝင်,17,1
စိတ်ဝင်စား,11,1
ပြုပြင်,8,1
ခွဲစိတ်,7,1
တောင်းဆို,7,1
ယှဥ်ပြိုင်,7,1
ရှုံး,7,1
လေ့ကျင့်,7,1
တွေ့မြင်,6,1
ပယ်,6,1
ရေးဆွဲ,6,1
ကိုင်,5,1
ဖြန့်ချီ,5,1
မောင်းနှင်,5,1
စည်းရုံး,4,1
နီးကပ်,4,1
ဖောက်,4,1
ဖြစ်ပေါ်,4,1
ငြင်းခုံ,3,1
မေးမြန်း,3,1
ရည်မှန်း,3,1
လမ်းချော်,3,1
လဲ,3,1
အပြီးသတ်,3,1
ကြိုဆို,2,1
စကားပြော,2,1
တိမ်းမှောက်,2,1
ရှို့,2,1
ကံကောင်း,,1
မွေး,,1
ထောက်ခံ,17,1
ခေါ်,14,1
ကုသ,11,1
တက်ကြွ,10,1
နေရာချ,8,1
ပြေးဆွဲ,8,1
ထူးခြား,6,1
ရွှေ့ပြောင်း,6,1
စုရုံး,5,1
ရေးထိုး,5,1
လက်ထပ်,5,1
စီးနင်း,4,1
စုဆောင်း,4,1
စေ့စပ်,4,1
ညှိနှိုင်း,4,1
တူးဖော်,4,1
ဖုံး,4,1
မူတည်,4,1
မှီခို,4,1
ကုန်ဆုံး,3,1
ကျဆုံး,3,1
တရားစီရင်,3,1
တောင်းပန်,3,1
နုတ်ထွက်,3,1
မဲဆွယ်,3,1
သို,3,1
ဟောပြော,3,1
ကယ်တင်,2,1
ဉီးဆောင်,2,1
တင်းမာ,2,1
တိုင်းတာ,2,1
ထိတွေ့,2,1
ထုတ်လွင့်,2,1
ပေါက်,2,1
ရေငုပ်,2,1
သေကြောင်းကြံ,2,1
မြင်ရ,1,1
သိရှိ,1,1
ချစ်မြတ်နိုး,,1
ချီးကျူး,,1
တိုးချဲ့,,1
နောက်,,1
ပျော်ရွှင်,,1
မဲ့,,1
မျိုးပွား,,1
လက်လျော့,,1
လို,,1
ဝင်ခွင့်ပြု,,1
အံ့ဩ,,1
ချိတ်ဆက်,11,1
ဖန်တီး,11,1
ရပ်ဆိုင်း,11,1
လွှတ်တင်,10,1
ရွှေ့,9,1
ဝေဖန်,9,1
တရားစွဲ,8,1
နားလည်,8,1
ဖတ်,8,1
လွှဲပြောင်း,8,1
ခိုး,7,1
စစ်ဆင်,7,1
ညှင်းပန်း,7,1
ပိတ်ပင်,7,1
အနားယူ,7,1
ဖြတ်တောက်,6,1
စွဲချက်တင်,5,1
ထည့်သွင်း,5,1
ဖြန့်ဝေ,5,1
လက်မှတ်ထိုး,5,1
ကျန်ရစ်,4,1
စာရင်းသွင်း,4,1
တည်,4,1
ရော,4,1
အာဏာသိမ်း,4,1
ခေါင်းဆောင်,3,1
ဆွဲယူ,3,1
တိုးမြင့်,3,1
မိတ်ဆက်,3,1
မြှုပ်နှံ,3,1
လေးစား,3,1
အခြေပြု,3,1
အယူခံဝင်,3,1
ဆုတောင်း,2,1
ထိန်း,2,1
ပံ့ပိုး,2,1
ပြန့်,2,1
ပြန့်ပွား,2,1
ပြိုလဲ,2,1
ဖယ်ရှားခံ,2,1
ဗုံးခွဲ,2,1
မေး,2,1
ရနိုင်,2,1
ရိုး,2,1
ရေး,2,1
လစ်လပ်,2,1
လုယက်,2,1
လွှင့်ထူ,2,1
အချက်ပြ,2,1
အဆုံးစီရင်,2,1
စိတ်ပျက်,1,1
တည်းခို,1,1
တန်,1,1
တီးခတ်,1,1
ထောင်ချခံ,1,1
နေထိုင်ကြ,1,1
ပတ်,1,1
ပြန်ကြား,1,1
ဖျက်,1,1
မူမမှန်,1,1
ယှဉ်,1,1
ရှိဆဲ,1,1
ရှောင်ရှား,1,1
လဲလှယ်,1,1
လွှဲအပ်,1,1
သာလွန်,1,1
အနည်းငယ်,1,1
အပန်းဖြေ,1,1
ကုန်ကူး,,1
ကျယ်လောင်,,1
ကျောင်းပိတ်,,1
ကျော်စော,,1
ကြိုးကိုင်ချယ်လှယ်,,1
ကြိုးဆွဲချ,,1
ကြိုးဆွဲထား,,1
ကြိုးပေး,,1
ကွဲကြေ,,1
ခိုလုံ,,1
ချန်ထား,,1
ချီးမြှင့်အပ်နှင်း,,1
ချုပ်ကိုင်,,1
ချဲ့,,1
ဂရုမပြုမိ,,1
ဂူသွင်းမြှုပ်နှံ,,1
စစ်ဖြစ်,,1
စာနာထောက်ထား,,1
စားသုံး,,1
စိတ်ပါဝင်စား,,1
စုစည်းနေထိုင်,,1
စုစည်းပါဝင်,,1
စုပေါင်း,,1
စောဒကတက်,,1
စွန့်ခွာ,,1
ဆင်ခြေပေး,,1
ဆံ့,,1
ဆွဲကြိုးချ,,1
ဈေးဝယ်ထွက်,,1
တိတ်ဆိတ်ငြိမ်သက်,,1
တိတ်ဆိတ်စွာ,,1
တောမီးလောင်,,1
ထက်နိမ့်,,1
ထိတ်,,1
ထိုးသတ်,,1
ထုတ်ပေး,,1
ထုတ်လွှင့်ပြ,,1
နေကောင်း,,1
ပင်တင်,,1
ပစ်ခတ်ခဲ့ပုံ,,1
ပိတ်မိ,,1
ပုန်းရှောင်,,1
ပူးတွဲ,,1
ပျံသန်းသွား,,1
ပြန်ရောက်,,1
ပြန်အပ်,,1
ပြောင်းလည်း,,1
ပြောင်းသုံး,,1
ပွေ့ဖက်,,1
ဖမ်းစား,,1
ဖမ်းယူ,,1
ဖုံးလွှမ်းသွား,,1
ဖြစ်ဆဲ,,1
ဖြတ်ကူး,,1
ဖွက်,,1
ဘက်လိုက်ယိမ်း,,1
ဘေးကပ်သင့်,,1
မတောင်းပန်,,1
မီးတောက်,,1
မီးလောင်တတ်,,1
မူးယစ်,,1
မဲဆွယ်လှုပ်ရှား,,1
မှီတင်းနေထိုင်,,1
ရင်ဝယ်ပိုက်,,1
ရုံးတင်စစ်ဆေးမည်,,1
ရောင်ပြန်ကွေးညွှတ်,,1
လည့်လည်,,1
လမ်းပိတ်ဆို့,,1
လှူဒါန်း,,1
ဝေဖန်ဆွေးနွေး,,1
ဝေမျှ,,1
သာ,,1
သာယာ,,1
သေဆုံးသွား,,1
အကျဉ်းချုံး,,1
အဆိပ်ရှိ,,1
အဆုံးသက်,,1
အထူးတီထွင်,,1
အမဲလိုက်,,1
အယူသည်း,,1
အရေးမထားလောက်,,1
အလုပ်ဖြုတ်,,1
အလုပ်လုပ်ကြ,,1
အလုပ်ဝင်,,1
အလွဲသုံးစားလုပ်,,1
အသက်ဝင်,,1
အိတ်ဖွင့်,,1
အိပ်စက်,,1
ဩဘာပေး,,1
ဟုတ်,15,
ကြေညာ,25,
ရင်ဆိုင်,15,
ပြသ,30,
ပျောက်ဆုံး,20,
ယုံကြည်,15,
သုံး,22,
ပတ်သက်,19,
လျှော့ချ,10,
ပြီးဆုံး,9,
အသတ်ခံ,26,
ဆက်သွယ်,15,
မြင့်တက်,14,
သွား,10,
အရေးပါ,9,
မှန်ကန်,2,
ပူးပေါင်း,22,
ရိုက်,17,
ပုံနှိပ်,8,
ရင်းနှီး,6,
ဝယ်,5,
ကုန်သွယ်,4,
ကြီးထွား,3,
ရောင်းချ,20,
ခန့်မှန်း,17,
ဖျော်ဖြေ,13,
ကန့်သတ်,12,
ဖွဲ့စည်း,12,
ခွဲ,11,
တပ်ဆင်,11,
ဖွင့်,11,
ကြိုးစား,10,
ကြည့်,9,
ခရီးသွား,8,
အခြေခံ,8,
ကုန်ကျ,7,
လွတ်ငြိမ်း,7,
လွတ်မြောက်,7,
နိမ့်,6,
သေချာ,6,
တီထွင်,5,
ရောင်း,5,
ကန်,4,
ချီတက်,4,
များပြား,4,
ကျော်ကြား,3,
စ,3,
စိုးရိမ်,3,
စွန့်ပစ်,3,
တတ်,3,
ရှာ,3,
ခံ,2,
ဆန်းသစ်,2,
တိကျ,2,
ထိတ်လန့်,1,
မီးသတ်,1,
ထူးဆန်း,,
ပြောဆို,21,
စီမံ,17,
ဆင်းသက်,15,
အစားထိုး,14,
ဖျက်သိမ်း,12,
ရပ်,11,
ကူးစက်,10,
စီရင်,10,
ဖြစ်ပျက်,10,
ဆောက်လုပ်,9,
စဉ်းစား,8,
ဦးတည်,8,
ဆက်စပ်,7,
တုံ့ပြန်,7,
ဖျက်ဆီး,7,
မဲပေး,7,
ဝတ်ဆင်,7,
ထိမှန်,6,
လူသတ်,6,
သောက်,6,
အဖမ်းခံ,6,
ကင်း,5,
တူ,5,
ပြဌာန်း,5,
ပြေး,5,
လျော့,5,
အောင်,5,
ကိုက်,4,
ကိုးကွယ်,4,
ဗုံးကြဲ,4,
ရပ်စဲ,4,
ရပ်နား,4,
လွှတ်,4,
သုံးသပ်,4,
ကြုံ,3,
တည်းဖြတ်,3,
ထက်သန်,3,
ထိုင်,3,
ပေါက်ကြား,3,
ယိုစိမ့်,3,
သင့်တော်,3,
သည်းထန်,3,
သေကြောင်းကြံစည်,3,
အကျဉ်းချ,3,
ကိုင်တွယ်,2,
စိတ်ချ,2,
ထင်,2,
ရုတ်သိမ်း,2,
ဝမ်းနည်း,2,
သွားလာ,2,
ကြီးကြပ်,1,
ကြောက်လန့်,1,
စော,1,
တောင်း,1,
ထင်မြင်,1,
ပစ်သတ်,1,
ဝန်ခံ,1,
အဆင်ပြေ,1,
ကျောင်းအပ်,,
စုရုန်း,,
ညစ်ညမ်း,,
တိုရန်တိုနီ,,
နှိမ့်ချ,,
ပြတ်သွား,,
သွားနိုင်,,
အုပ်ချူပ်,,
ရေးသား,19,
စွပ်စွဲ,12,
ထွက်ပေါ်,12,
ရယူ,11,
ရေကြီး,11,
လုပ်ကိုင်,11,
တိုးမြှင့်,10,
ဖြတ်,10,
သရုပ်ဆောင်,10,
ရွေးကောက်,9,
စီး,8,
ခြိမ်းခြောက်,7,
ညီမျှ,7,
နစ်မြုပ်,7,
ပိတ်ဆို့,7,
ပျံ့နှံ့,7,
ရိုက်ကူး,7,
လိမ်လည်,7,
ငြင်းဆို,6,
ညွှန်ကြား,6,
ပေးဆောင်,6,
ကပ်,5,
ချန်,5,
စုစည်း,5,
နှိုင်းယှဉ်,5,
ပေါ်ပေါက်,5,
ပြီးစီး,5,
မတ်တတ်,5,
ရုပ်သိမ်း,5,
ဝတ်ပြု,5,
အလုပ်လုပ်,5,
ကျူးကျော်,4,
ကြာရှည်,4,
ချို့ယွင်း,4,
ငြင်းပယ်,4,
စစ်မှန်,4,
ဆက်ခံ,4,
တိတ်ဆိတ်,4,
မီး,4,
မြှင့်တင်,4,
ရှိခိုး,4,
လှည့်ပတ်,4,
လှည့်လည်,4,
သိမ်းပိုက်,4,
အစပြု,4,
အနိုင်ယူ,4,
အသိအမှတ်ပြု,4,
ကင်းလှည့်,3,
ကိုးကား,3,
ကျင့်သုံး,3,
ကျန်ရှိ,3,
ခိုင်မာ,3,
ခုန်,3,
ချိုး,3,
ခြားနား,3,
ဆင်းရဲ,3,
တင်းကျပ်,3,
တိုးလာ,3,
တူး,3,
နှစ်သက်,3,
ဖောင်းပွ,3,
ရောက်ရှိ,3,
လိင်တူဆက်ဆံ,3,
လျှို့ဝှက်,3,
သက်တမ်းကုန်,3,
အသုံးမပြု,3,
ဥပဒေပြု,3,
ကိုယ်စားပြု,2,
ကျခံ,2,
ကျဆင်းသွား,2,
ကျော်လွှား,2,
ခန့်,2,
ချဲ့ထွင်,2,
ခြေရာခံ,2,
ခွဲဝေ,2,
ငြိမ်သက်,2,
စော်ကား,2,
စွမ်းဆောင်,2,
ဆက်ဆံ,2,
ဆိုင်းငံ့,2,
ဆောင်,2,
တိုက်တွန်း,2,
ထိရောက်,2,
နာကျင်,2,
နီးစပ်,2,
ပိုများ,2,
ပေါ်လွင်,2,
ပြည့်စုံ,2,
ပြဋ္ဌာန်း,2,
ပြိုကွဲ,2,
ပြုတ်,2,
ရွေ့လျား,2,
ရှိသေး,2,
လိုက်လျော,2,
လိုလား,2,
လျှော့,2,
လျှော့ကျ,2,
လှုံ့ဆော်,2,
ဝင်တိုက်,2,
အစပျိုး,2,
အရွေးခံ,2,
အလှည့်ကျ,2,
အံ့အားသင့်,2,
ဦးစားပေး,2,
ကု,1,
ကုန်,1,
ကျင်းပလျက်ရှိ,1,
ကျော်လွန်,1,
ကြန့်ကြာ,1,
ကြီးပြင်း,1,
ကွာခြား,1,
ခုန်ဆင်း,1,
ချို့တဲ့,1,
ချီးမြှင့်,1,
ချော်,1,
ဂုဏ်ယူ,1,
စခန်းချ,1,
စစ်တိုက်,1,
စာရင်းပြုစု,1,
စာသင်ကြား,1,
စိတ်ထိခိုက်,1,
စီစဥ်,1,
စေလွှတ်,1,
ဆင်တူ,1,
ဆင်း,1,
ဆေးရုံတင်,1,
ဆွဲဆောင်,1,
တည်ခင်း,1,
တတ်ကြွ,1,
တပ်လှန့်,1,
တရားမဝင်,1,
တရားရင်ဆိုင်,1,
တုန်ခါ,1,
တောက်ပ,1,
ထန်,1,
ထပ်တိုး,1,
ထပ်ပေါင်း,1,
ထွက်ပြေး,1,
နှစ်သိမ့်,1,
ပိုဆိုး,1,
ပိုနည်း,1,
ပေါ့ဆ,1,
ပေါ်လာ,1,
ပေးပို့,1,
ပျံ့နှံ,1,
ပြန်ပို့,1,
ပြန်လွှတ်,1,
ဖြစ်တည်,1,
ဖြတ်သန်းလာ,1,
မြေမြုပ်,1,
မှီ,1,
ယဥ်ကျေး,1,
ရန်လို,1,
ရေပန်းစား,1,
ရှိခဲ့ကြ,1,
ရှုပ်,1,
လက်ဖြောင့်,1,
လိမ်ညာ,1,
လုယူ,1,
လျှောက်ထား,1,
လွန်ကဲ,1,
လွဲချော်,1,
လွှင့်တင်,1,
လှောင်,1,
လှော်,1,
ဝင်သွား,1,
သတင်းပို့,1,
သန်စွမ်း,1,
သရုပ်ပြ,1,
သဲကွဲ,1,
သွားရောက်,1,
အလားတူ,1,
အသားပေး,1,
အသိပေး,1,
အသုံးဝင်,1,
အာမခံ,1,
ကင်းလွတ်,,
ကတိပြု,,
ကပ်ဆိုက်,,
ကာကွယ်ဆေးထိုး,,
ကိုယ်ထိလက်ရောက်ကျူးလွန်,,
ကုန်လွန်,,
ကုသခံ,,
ကူးယူး,,
ကျင့်သုံးနိုင်,,
ကျေနပ်,,
ကြာခဲ့,,
ကြာမြင့်,,
ကြိူးပမ်း,,
ကြီးစိုးလာ,,
ကြီးမြတ်,,
ကြောက်,,
ကြံရွယ်,,
ကွဲ,,
ကွဲပြားခြားနားသွား,,
ခင်မင်,,
ခမ်းနား,,
ခိုးကူး,,
ခုခံချေပ,,
ခေါင်းပုံဖြတ်,,
ခေါ်ဆို,,
ခြား,,
ခွင့်မပြုနိုင်,,
ခွေးကိုက်ခံ,,
ဂရုမစိုက်,,
ငိုကြွေး,,
ငြင်း,,
ငွေ့ရည်စီးဆင်း,,
စစ်ဆေးခံ,,
စတင်ထုတ်,,
စတင်ဖြန့်,,
စထိုင်,,
စထွက်,,
စဖွင့်,,
စမ်းသပ်ပြင်ဆင်,,
စာနာ,,
စာပို့,,
စာပေမတတ်,,
စိတ်ကျေနပ်,,
စိတ်ချယုံကြည်,,
စောင့်ကြည့်,,
စောသေး,,
ဆန္ဒမဲ,,
ဆိုးဝါးလှ,,
ဆုတ်,,
ဆုတ်ခွာတော့,,
ဆွဲခေါ်ဖမ်းဆီး,,
တင်ဆက်ကပြ,,
တစ်ကိုယ်ကောင်းဆန်,,
တည်တံ့,,
တည်ပြု,,
တုံ့နှေး,,
တူညီသွား,,
တောက်လောင်,,
တောပြုန်း,,
တံဆိပ်ခတ်,,
တွေ့ရခဲ,,
တွေး,,
ထ,,
ထင်ရှားပြတ်သား,,
ထင်ဟပ်ပြသ,,
ထည့်ဝင်,,
ထပ်,,
ထိကာလွဲချော်,,
ထိတ်လန့်စရာကောင်း,,
ထိပ်တိုက်တွေ့ကြုံရ,,
ထိုက်တန်,,
ထိုးဆင်းကျ,,
ထိုးဆွ,,
ထိုးပြ,,
ထိုးသွင်း,,
ထုတ်ပိုး,,
ထောက်ကန်,,
ထွက်လာ,,
ထွင်,,
ဒဏ်ခတ်,,
ဒဏ်ရာရ,,
ဒေါသဖြစ်,,
ဓာတ်သိ,,
နလန်ထူ,,
နားလည်ရခက်,,
နိမ့်ပါး,,
နောက်ကြောင်းပြန်,,
နောက်ပြန်လှည့်,,
နဲသွားပြီ,,
နှိပ်,,
နှုတ်ဆက်,,
ပစ်ခတ်ခံ,,
ပစ်မှတ်,,
ပန်း,,
ပန်းထွက်,,
ပယ်ထုတ်,,
ပါဝင်ခဲ့တယ်,,
ပိ,,
ပုန်းခို,,
ပုံအော,,
ပူဆွေး,,
ပူးတွဲဖော်ပြ,,
ပေးလို့,,
ပျက်ပြယ်,,
ပျင်း,,
ပျော်ကျလာ,,
ပျံကြဲ,,
ပြင်းအားလျှော့,,
ပြစ်ဒဏ်ကျသင့်,,
ပြစ်ဒဏ်ချ,,
ပြစ်မှား,,
ပြည့်နှက်,,
ပြဌာန်းလိမ့်,,
ပြန်တုံ့ပြန်,,
ပြန်နေရာယူ,,
ပြန်ပေါ်,,
ပြန်ပြောင်း,,
ပြန်မပေးနိုင်,,
ပြန်လို,,
ပြသခံ,,
ပြီးမြောက်,,
ပွတ်တိုက်,,
ပွဲသိမ်း,,
ဖန်တီးပေး,,
ဖမ်းထား,,
ဖယ်,,
ဖလှယ်,,
ဖိတ်,,
ဖော်ပြထား,,
ဖျက်စီး,,
ဖြစ်စေတတ်,,
ဖြစ်တတ်,,
ဖြစ်နေပုံပေါ်,,
ဖြည့်စွက်,,
ဖြည့်ဆည်း,,
ဖြတ်သွား,,
ဖြိုဖျက်,,
ဖြုံသွားလောက်,,
ဗုံးကွဲ,,
ဘေးမကင်း,,
မသက်သာပြော,,
မိ,,
မုန်း,,
မျော,,
မျော်လင့်,,
မြင်သိ,,
မှတ်တမ်းသွင်း,,
မှတ်သားထား,,
မှတ်သားထိုက်,,
မှီခိုအားထား,,
ယူဆောင်,,
ယှဉ်တွဲ,,
ရင်ထိတ်,,
ရယ်,,
ရိုက်ပြ,,
ရိုက်ယူ,,
ရုန်းကန်,,
ရေဒီယိုသတ္တိကြွ,,
ရောဂါသတ်မှတ်,,
ရဲစွမ်း,,
ရွေ့,,
ရွေ့ဆိုင်း,,
ရွေးချယ်ထား,,
ရှင်းလင်းမြင်သာ,,
ရှိနေဆဲ,,
ရှုရှိုက်ရ,,
ရှောင်တိမ်း,,
လက်ခံနိုင်,,
လက်မခံနိုင်,,
လက်ဝယ်ရှိ,,
လစ်လျူရှူ,,
လမ်းညွှန်,,
လိုက်လံ,,
လုပ်နေ,,
လူမဲ့,,
လူသားချင်းစာနာ,,
လူသိနည်း,,
လေလံတင်,,
လေးစားသ,,
လဲလျောင်းတိုက်ခိုက်,,
လွင့်လာ,,
လွတ်တင်,,
လွဲ,,
လွှင့်,,
လှိုက်ထွက်,,
လှောင်ပြောင်သရော်,,
သက်တမ်းကုန်သွား,,
သက်တမ်းနု,,
သတိမပြု,,
သတိမရှိ,,
သိပ္ပံနည်းကျ,,
သိရှိလာ,,
သြဇာညောင်း,,
သွေးဆင်း,,
အကဲခတ်,,
အကဲဖြတ်,,
အဆင့်မြှင့်,,
အတွင်းကျ,,
အန္တရာယ်ကင်း,,
အပြစ်ပုံချ,,
အပြုသဘောမဆောင်,,
အမိန့်ပေး,,
အမှုစစ်,,
အရက်သောက်သုံး,,
အရေးအကြီး,,
အသက်ရှင်မကျန်ရစ်,,
အသားပေးဖော်ပြ,,
အသိမှတ်မပြု,,
အသိုက်ဆောက်,,
အာသာဖြေ,,
အားဖြည့်,,
အိပ်ပျော်,,
အော့အန်,,
အံ့ဩစရာ,,
ပြတ်တောက်,13,
ခုခံ,12,
ဖမ်း,8,
ကြားဝင်,7,
ဆေးလိပ်,7,
ကျော်ဖြတ်,6,
စူးစမ်း,6,
စွဲဆို,6,
ထူထောင်,6,
နှုတ်ထွက်,6,
လောင်ကျွမ်း,6,
ဝယ်ယူ,6,
သင့်လျော်,6,
သောင်တင်,6,
ကမ်းလှမ်း,5,
ကျရှုံး,5,
ခန့်အပ်,5,
စိန်ခေါ်,5,
ဆက်နွယ်,5,
တိုက်ခတ်,5,
ထိုင်လျှက်စီး,5,
ထောက်လှမ်း,5,
နောက်ကျ,5,
ပါရှိ,5,
ပိုင်,5,
ပေးအပ်,5,
ပြ,5,
ပြို,5,
ဖြုတ်ချ,5,
လိုက်ပါ,5,
လျင်မြန်,5,
လျော့နည်း,5,
သပိတ်မှောက်,5,
သယ်ယူ,5,
သိမ်းဆည်း,5,
အရေးယူ,5,
အားပေး,5,
အောင်နိုင်,5,
ကောက်ချက်ချ,4,
ကျင့်,4,
ကြမ်းတမ်း,4,
ခေါ်ဆောင်,4,
ချေပ,4,
ဂိုးသွင်း,4,
ဆွတ်ခူး,4,
ဆွဲ,4,
တည်ငြိမ်,4,
တားဆီး,4,
တောင်းခံ,4,
တံခွန်စိုက်,4,
ထိုးဖောက်,4,
ထူထပ်,4,
နိမ့်ကျ,4,
ပြန့်ကျဲ,4,
ဖမ်းမိ,4,
ဖိတ်ခေါ်,4,
ဖြစ်ပေါ်လာ,4,
မတ်တပ်စီး,4,
မျှတ,4,
မြင်တွေ့,4,
မှတ်ပုံတင်,4,
ရက်စက်,4,
လျာထား,4,
လှုပ်ခတ်,4,
ဝန်းရံ,4,
အကောင်အထည်ဖော်,4,
အခြေချ,4,
အမည်တပ်,4,
ကူးယူ,3,
ကောက်ယူ,3,
ကြည့်ရှု,3,
ခေါင်းချင်းဆိုင်,3,
ချည်,3,
ချုပ်နှောင်,3,
စည်းလုံး,3,
ဆို,3,
ဉီးတည်,3,
ညီ,3,
တပ်,3,
တိုက်ထုတ်,3,
တိုးတတ်,3,
တုန်လှုပ်,3,
ထုတ်လွှင့်,3,
ထောင်ချ,3,
နေရာယူ,3,
နှင်ထုတ်,3,
နှောင့်နှေး,3,
နှောင့်ယှက်,3,
ပြောင်း,3,
ပွင့်လင်း,3,
မှတ်သား,3,
ရထားတိုက်,3,
ရှင်းပြ,3,
ရှာတွေ့,3,
လုပ်ကြံ,3,
သင်ကြား,3,
သတိထား,3,
အ,3,
အကူအညီပေး,3,
အစွန်းရောက်,3,
အမည်တွင်,3,
အသံလွှင့်,3,
အာဏာအပ်,3,
အံ့သြ,3,
ကင်းမဲ့,2,
ကန်သွင်း,2,
ကိုက်ညီ,2,
ကူး,2,
ကျန်ရှိဆဲ,2,
ကျိုး,2,
ကျေအေး,2,
ကျောက်ချ,2,
ကြီး,2,
ကြုံတွေ့,2,
ကြောက်မက်,2,
ကြဲ,2,
ခိုင်း,2,
ခေါ်တွင်,2,
ချဉ်းကပ်,2,
ချေးငှား,2,
ဂိုး,2,
ဂိုးသွင်းယူ,2,
ဂုဏ်ပြု,2,
ငတ်မွတ်ခေါင်းပါး,2,
ငွေဖောင်းပွ,2,
စိတ်အားထက်သန်,2,
စိုက်ပျိုး,2,
စီးဆင်း,2,
စု,2,
စောင့်ရှောက်,2,
စံချိန်ချိုး,2,
စွန့်စား,2,
ဆင့်ခေါ်,2,
ဆန့်ကျင်,2,
ဆိုက်ကပ်,2,
ဆိုး,2,
ဆီးစွန့်,2,
ဆုတ်ခွာ,2,
ညှိုနှိုင်း,2,
တည်မြဲ,2,
တရားသေလွှတ်,2,
တိုက်ဖျက်,2,
တောက်,2,
တွယ်ကပ်,2,
တွေ့ရ,2,
တွဲဖက်,2,
ထိုး,2,
ထိုးစစ်ဆင်,2,
ထုတ်ပယ်,2,
ထူးချွန်,2,
ထောင်,2,
ဒေဝါလီခံ,2,
နစ်,2,
နီး,2,
နှိပ်စက်,2,
ပစ်ချ,2,
ပန်းဝင်,2,
ပိတ်သွား,2,
ပုန်ကန်,2,
ပူ,2,
ပူပေါင်း,2,
ပူပြင်း,2,
ပေးချေ,2,
ပေးဆပ်,2,
ပံ့ပိုးပေး,2,
ပျက်စီးသွား,2,
ပျက်ဆီး,2,
ပြင်း,2,
ပြစ်,2,
ပြည့်ကျပ်,2,
ပြိုင်ဆိုင်,2,
ပြီးပြည့်စုံ,2,
ပြုမူ,2,
ပွဲထုတ်,2,
ဖတ်ပြ,2,
ဖိနှိပ်,2,
ဖော်စပ်,2,
ဖြည့်,2,
ဖြတ်သန်း,2,
ဖြန့်,2,
ဖြန့်ကျက်,2,
ဖြန့်ဖြူး,2,
ဖြေကြား,2,
ဖွံ့ဖြိုးတိုးတက်,2,
ဘေးဖယ်,2,
မသင်္ကာ,2,
မီးလောင်,2,
မျက်နှာမူ,2,
မြဲမြံ,2,
မြှင့်တက်,2,
မှတ်ချက်ချ,2,
မှတ်တမ်းဝင်,2,
မှာ,2,
မှောက်,2,
ယာဉ်တိုက်,2,
ရင်းနှီးမြှူပ်နှံ,2,
ရုံးတင်,2,
ရေးဖွဲ့,2,
ရွာသွန်း,2,
ရှင်,2,
ရှူ,2,
ရှေ့နေလိုက်,2,
ရှေးကျ,2,
လက်ပစ်ကူး,2,
လိုက်ရှာ,2,
လိုငွေပြ,2,
လုပ်ကြံခံ,2,
လေဖြတ်,2,
လေးလံ,2,
လွတ်,2,
ဝက်ရူးပြန်,2,
သက်သေပြ,2,
သတင်းပေး,2,
သိကြ,2,
သိမြင်,2,
သီဆို,2,
သေကျေ,2,
သေးငယ်,2,
အက်ကွဲ,2,
အကျိုးရှိ,2,
အကြံပေး,2,
အကြံပြု,2,
အဆင်မပြေ,2,
အဆင်သင့်,2,
အဆိုပြု,2,
အဆုံးဖြတ်ပေး,2,
အပစ်ခံ,2,
အပ်နှံ,2,
အရည်ပျော်သွား,2,
အလဲထိုး,2,
အသရေဖျက်,2,
အသုံးချ,2,
အားပြင်း,2,
အော်ဟစ်,2,
ဥပဒေသတ်မှတ်,2,
က,1,
ကင်းကွာ,1,
ကာကွယ်ပေးနိုင်,1,
ကာလီဟူ,1,
ကားတိုက်,1,
ကိုင်ဆောင်,1,
ကိုယ်ဝန်ဆောင်,1,
ကူညီပံ့ပိုး,1,
ကူးခတ်,1,
ကူးစက်ခံ,1,
ကူးစက်တတ်,1,
ကူးဆက်,1,
ကူးသန်းရောင်းဝယ်,1,
ကောက်ခံ,1,
ကောက်ခံခြင်းခံ,1,
ကောင်းစွာ-လူသိများ,1,
ကောင်းလာ,1,
ကော်ဖီသောက်နား,1,
ကျက်စား,1,
ကျင်လည်,1,
ကျန်းမာ,1,
ကျန်းမာရေးစောင့်ရှောက်,1,
ကျမ်းကျိန်,1,
ကျမ်းကျိန်ဆို,1,
ကျမ်းသစ္စာကျိန်ဆို,1,
ကျရောက်,1,
ကျိန်ဆို,1,
ကျို,1,
ကျိုးကျ,1,
ကျိုးကြောင်းညီညွတ်,1,
ကျိုးပဲ့,1,
ကျိုးသွား,1,
ကျော်ဇော,1,
ကျော်တက်,1,
ကျော်တက်နိုင်,1,
ကျော်ထွက်,1,
ကြည့်ရူ,1,
ကြည်လင်ပြတ်သား,1,
ကြပ်,1,
ကြပ်မတ်,1,
ကြားညပ်,1,
ကြိုးချည်,1,
ကြိုးစားအားထုတ်,1,
ကြိုးတုပ်,1,
ကြိုးပမ်,1,
ကြိုးပေးသတ်,1,
ကြောက်ရွံ့,1,
ကြောက်ရွှံ့,1,
ကြွေးတင်,1,
ကွပ်ကဲ,1,
ကွပ်မျက်,1,
ကွယ်ပျောက်,1,
ကွယ်ဝှက်,1,
ကွာရှင်း,1,
ကွာဟ,1,
ကွေ,1,
ကွဲလွဲ,1,
ခဏ,1,
ခန့်အပ်ခြင်းခံ,1,
ခရီးသွားခဲ့ကြ,1,
ခဝါချ,1,
ခါးထိမြင့်,1,
ခါးသီး,1,
ခိုင်ခံ့,1,
ခိုင်မြဲ,1,
ခိုင်လုံ,1,
ခိုင်လုံတိကျ,1,
ခိုင်းစေ,1,
ခိုလှုံ,1,
ခိုးယူ,1,
ခိုးဝှက်,1,
ခုန်ချ,1,
ခုန်တက်,1,
ခုံလှုံ,1,
ခုံး,1,
ခေတ်မစား,1,
ခေါက်,1,
ခေါင်းရိုက်,1,
ခေါ်ထုတ်,1,
ခေါ်ယူ,1,
ခဲ,1,
ခံစားရ,1,
ချက်ပြုတ်,1,
ချစ်,1,
ချန်လှပ်,1,
ချမ်းသာဆုံး,1,
ချမှတ်ထား,1,
ချိတ်,1,
ချိတ်ဆွဲ,1,
ချိတ်ပိတ်,1,
ချိတ်မိ,1,
ချို့ယွင်းသွား,1,
ချီတတ်,1,
ချီးမြင့်,1,
ချီးမွမ်း,1,
ချုပ်ဆို,1,
ချုပ်ဆိုထား,1,
ချုံခို,1,
ချေး,1,
ချွတ်ခိုင်း,1,
ချွတ်ပြစ်,1,
ခြောက်သွေ့,1,
ခြံစည်းရိုးခတ်,1,
ခွာ,1,
ဂယက်ရိုက်ခက်,1,
ဂိမ်းကစား,1,
ဂိုးသွင်းပေး,1,
ဂုဏ်ဆောင်,1,
ဂုဏ်ပြုခံ,1,
ဂူသွင်းမြှုပ်နှံမည်,1,
ငယ်ရွယ်သေး,1,
ငါးမျှား,1,
ငြင်းခုန်,1,
ငွေချေး,1,
ငွေထုတ်ယူ,1,
ငွေပေး,1,
ငွေမလုံလောက်,1,
ငွေရှင်း,1,
ငွေလျော့,1,
ငှါးရမ်း,1,
ငှားရမ်း,1,
စကိတ်စီး,1,
စစ်ကြော,1,
စစ်ဆေးကြားနာ,1,
စစ်မှုထမ်း,1,
စစ်မှုထမ်းဆောင်,1,
စတက်,1,
စတင်မည်,1,
စပ်ဆက်,1,
စမ်းသပ်ရှာဖွေ,1,
စာချ,1,
စာချုပ်ချုပ်ဆို,1,
စာတမ်းဖတ်,1,
စာဖတ်,1,
စာရင်းမှတ်,1,
စာရင်းဝင်,1,
စာလုံးပေါင်း,1,
စာသင်,1,
စိစစ်,1,
စိတ်ကူးယဥ်,1,
စိတ်ခံစား,1,
စိတ်ဆိုး,1,
စိတ်ထက်မြက်,1,
စိတ်ထက်သန်,1,
စိတ်ပင်ပန်း,1,
စိတ်ပါ,1,
စိတ်ပျက်စရာကောင်း,1,
စိတ်မကျေမနပ်,1,
စိတ်မချမ်းမြေ့,1,
စိတ်မရှည်,1,
စိုက်,1,
စိုက်ထုတ်,1,
စိုက်ထူ,1,
စီတန်းထားရှိ,1,
စုစည်းထား,1,
စုပုံ,1,
စုပုံခံ,1,
စုပုံလာ,1,
စုပ်ယူ,1,
စုဝေးနေထိုင်ကြ,1,
စောင့်ဆိုင်း,1,
စေ့စပ်သေချာ,1,
စံထားလောက်,1,
စံသတ်မှတ်,1,
စွက်ဖက်,1,
စွန့်,1,
စွဲ,1,
ဆက်,1,
ဆက်တိုက်,1,
ဆင့်ရိုက်,1,
ဆင်းရဲမွဲတေ,1,
ဆည်းပူး,1,
ဆန္ဒပြကြ,1,
ဆန္ဒမရှိ,1,
ဆန်,1,
ဆန်းစစ်,1,
ဆာလောင်ငတ်မွတ်,1,
ဆိုက်,1,
ဆိုက်ရောက်,1,
ဆိုင်ငံ့,1,
ဆိုးရွား,1,
ဆုတ်ဖြဲ,1,
ဆုပ်ကိုင်,1,
ဆုံခဲ့ကြ,1,
ဆုံတွေ့,1,
ဆုံးဖြတ်ချ,1,
ဆုံးရုံး,1,
ဆုံးရှံး,1,
ဆူပူ,1,
ဆောက်,1,
ဆောက်တည်,1,
ဆေးကုသခံ,1,
ဆေးစပ်,1,
ဆွ,1,
ဆွေး,1,
ဆွေးမြေ့,1,
ဆွဲငင်,1,
ဆွဲတင်,1,
ဇာတ်ကြောင်းပြန်,1,
ဇာတ်မတူ,1,
ဈေးကျ,1,
ဈေးတက်,1,
ဈေးဝယ်,1,
ညဥ်းဆဲ,1,
ညာပစ်,1,
ညီညွတ်,1,
ညံ့ဖျင်း,1,
ညွှန်ပြ,1,
ညွှန်ပြဝေဖန်,1,
ညွှန်းဆိုခဲ့ပြီး,1,
ညှင်းပမ်းနှိပ်စက်,1,
တင့်တယ်,1,
တင်ဆက်ရ,1,
တင်ဆောင်,1,
တင်ထား,1,
တင်လာ,1,
တင်းမား,1,
တစ်ကျွန်းကျ,1,
တစ်ထပ်တည်းတူ,1,
တစ်မူထူးခြား,1,
တစ်လုံးတည်း,1,
တစ်ဟုန်ထိုးတက်,1,
တစ်ဦးတည်း,1,
တည်ငြိမ်စပြု,1,
တည်း,1,
တန်ဖိုးရှိ,1,
တရားစွဲဆို,1,
တရားရှုံး,1,
တရားဟော,1,
တာဝန်ခံ,1,
တာဝန်ချထား,1,
တာဝန်ပေး,1,
တာဝန်ရပ်စဲ,1,
တားမြစ်ထား,1,
တိတ်လန့်,1,
တိမ်းညွတ်,1,
တိမ်းရှောင်,1,
တို,1,
တိုက်စား,1,
တိုင်ပင်,1,
တိုင်ပင်လိမ့်,1,
တိုင်းတန်,1,
တိုးတတ်ဖွံ့ဖြိုး,1,
တိုးပွား,1,
တိုးပွားလာ,1,
တိုးပွားသင့်,1,
တိုးမြင့်လာ,1,
တိုးမြှင့်,1,
တုန့်ပြန်,1,
တုပြိုင်,1,
တူးဖော်လို,1,
တောင့်တင်း,1,
တော်,1,
တေးရေး,1,
တံဖြုတ်,1,
တွန်း,1,
တွန်းပို့,1,
တွန်းလှန်,1,
တွေဆုံ,1,
တွေ့ကြုံ,1,
တွဲ,1,
တွဲချိတ်,1,
တွဲချီထား,1,
ထင်မှတ်,1,
ထည်သွင်း,1,
ထပ်ခါ,1,
ထပ်ချဲ့,1,
ထပ်တူကျ,1,
ထပ်ထည့်,1,
ထမြည်,1,
ထိခတ်,1,
ထိခိုက်ခံစား,1,
ထိခိုက်ဒဏ်ရာရ,1,
ထိခိုက်မခံ,1,
ထိန်ချန်,1,
ထိန်သိမ်း,1,
ထိန်းချူပ်,1,
ထိန်းချူပ်ပေး,1,
ထိန်းသိမ်းထား,1,
ထိန်းသိမ်းသွား,1,
ထိပြီး,1,
ထိမ်းမြား,1,
ထိုင်လျက်စကိတ်စီး,1,
ထိုင်လျက်နှင်းလျှောစီး,1,
ထိုသို့,1,
ထိုးခံ,1,
ထီပေါက်,1,
ထုတ်ပစ်,1,
ထုတ်ဖော်အသိပေးရန်,1,
ထုတ်လုပ်နေကြ,1,
ထုတ်ဝေခဲ,1,
ထုံမွှန်း,1,
ထောက်ပြ,1,
ထောင်ကျ,1,
ထောင်ဒဏ်ကျ,1,
ထောင်ပေါင်းစွာ,1,
ထောင်လွှား,1,
ထဲ့,1,
ထွက်ကျလာ,1,
ထွက်ခွာခိုင်း,1,
ထွက်ခွာသွား,1,
ထွက်ရှိလာ,1,
ထွက်သွား,1,
ထွေး,1,
ဒဏ္ဍာရီဆန်,1,
ဒဏ်ငွေဆောင်,1,
ဒဏ်ရ,1,
ဒဏ်ရာရရှိ,1,
ဒဏ်ရိုက်,1,
ဒီဇိုင်းထုတ်,1,
ဒူးထောက်,1,
ဓာတ်သတ္ထုပါ,1,
ဓားပြတိုက်,1,
နက်နဲ,1,
နစ်မြှုပ်,1,
နည်းကျ,1,
နည်း၍,1,
နယ်နှင်,1,
နာလန်ထူ,1,
နားထောင်,1,
နားသောတဆင်,1,
နိဂုံးချုပ်,1,
နို့ရည်လိုက်,1,
နိုးကြား,1,
နေထိုင်မကောင်း,1,
နေနိုင်,1,
နေရာယူထား,1,
နေရာရ,1,
နေရာရလာ,1,
နောက်စောင့်,1,
နောက်ယောင်လိုက်,1,
နံပါတ်မတပ်,1,
နွားခိုး,1,
နှင်းကျ,1,
နှင်းဖုံး,1,
နှစ်မြှုပ်,1,
နှိုင်း,1,
နှီးနွှယ်,1,
နှုတ်,1,
နှုတ်ပိတ်,1,
နှုတ်ယူ,1,
နှုတ်သိမ်း,1,
ပက်ဖြန်းခံ,1,
ပင့်တင်ပေး,1,
ပစ်ပေါက်,1,
ပညာသင်,1,
ပညာသင်ကြား,1,
ပညာသင်ယူ,1,
ပတ်သက်ငြိစွန်း,1,
ပါဝင်ကူညီ,1,
ပါဝင်မည်,1,
ပါဝင်လာ,1,
ပါဝင်သက်ဆိုင်,1,
ပိတ်ဆို့ထား,1,
ပိတ်ပစ်,1,
ပိတ်သိမ်း,1,
ပိုင်ဆိုင်မြှုပ်နှံ,1,
ပိုင်းခြား,1,
ပိုမိုအားပြု,1,
ပိုရှည်,1,
ပိုလျှံ,1,
ပိုအားကောင်း,1,
ပိုးသတ်,1,
ပုပ်,1,
ပုံစံထုတ်,1,
ပုံတင်,1,
ပုံရိပ်ထင်,1,
ပူနွေးလာ,1,
ပေ,1,
ပေါက်ကွဲမူ,1,
ပေါက်ဖွား,1,
ပေါက်ရောက်,1,
ပေါင်းစပ်ပေး,1,
ပေါင်းထည့်,1,
ပေါင်းထဲ့,1,
ပေါလောပေါ်,1,
ပေါ်ထွက်လာ,1,
ပေါ်ပေါက်မလာ,1,
ပေါ်ပေါက်လာ,1,
ပေးခံ,1,
ပေးလှူ,1,
ပဲ့ကိုင်,1,
ပဲ့တင်ထပ်,1,
ပံ့ပိုးကူညီ,1,
ပျက်ကျသွား,1,
ပျက်ကြ,1,
ပျက်ကွက်,1,
ပျက်ပြယ်သွား,1,
ပျိုးထောင်,1,
ပျောက်,1,
ပျော့သွား,1,
ပျော်ကွယ်သွား,1,
ပျော်ဝင်နိုင်,1,
ပျံလွန်တော်မူ,1,
ပျံသန်းလာ,1,
ပြင်ဆင်ရေးသား,1,
ပြင်းထန်း,1,
ပြစ်တင်,1,
ပြစ်ဒဏ်ဘော,1,
ပြည့်ဝ,1,
ပြဌာန်,1,
ပြတ်ကျန်,1,
ပြတ်လပ်,1,
ပြန်ကြည့်,1,
ပြန်ပွား,1,
ပြန်ဖြတ်,1,
ပြန်ဖြုတ်,1,
ပြန်ရ,1,
ပြန်ရလာ,1,
ပြန်ရုပ်သွင်းနိုင်,1,
ပြသခွင့်ပြု,1,
ပြသထား,1,
ပြိုကွဲသွား,1,
ပြိုလဲသွား,1,
ပြုစု,1,
ပြုစုစောင့်ရှောက်,1,
ပြုမှု,1,
ပြုလုပ်ဖြစ်,1,
ပြုံးပြ,1,
ပြေပြစ်,1,
ပြောင်းလဲလျှက်ရှိ,1,
ပြောလည်း,1,
ပြွတ်ကြပ်,1,
ပြွတ်သိပ်,1,
ပွင့်,1,
ပွင့်လင်းဗြောင်ကျ,1,
ပွန်းပဲ့,1,
ပွဲဦးထွက်,1,
ဖတ်ရှု,1,
ဖန်းတီ,1,
ဖဖ်းဆီး,1,
ဖမ်းဆီးနေကြ,1,
ဖိစီး,1,
ဖိတ်ကျ,1,
ဖိတ်စင်,1,
ဖုံးကွယ်,1,
ဖူလုံ,1,
ဖော်ထုတ်,1,
ဖော်ပြခဲ့,1,
ဖော်ပြပါရှိ,1,
ဖျက်ချ,1,
ဖျက်ခြင်း,1,
ဖျက်ဆီးခဲ့ပြန်,1,
ဖျော်ဖြေထုတ်လွှင့်,1,
ဖြစ်ကြ,1,
ဖြစ်နိုင်ချေများ,1,
ဖြစ်ပေါ်တတ်,1,
ဖြစ်ပွားတတ်,1,
ဖြစ်လိမ့်,1,
ဖြစ်လျက်ရှိ,1,
ဖြည့်စည်း,1,
ဖြည့်နေ,1,
ဖြည်းညင်း,1,
ဖြတ်ကျော်,1,
ဖြတ်ညှိ,1,
ဖြန့်ချ,1,
ဖြန့်ဖြူး,1,
ဖြုတ်,1,
ဖြောင့်မှန်,1,
ဖွင့်လိုက်,1,
ဖွင့်လှစ်သွား,1,
ဖွဲ့,1,
ဖွံ့ဖြိုးတိုးတတ်,1,
ဗဟိုပြု,1,
ဗုံးကြ,1,
ဘက်လိုက်,1,
ဘောလုံးကန်,1,
ဘောလုံးရိုက်,1,
မတ်တတ်ပြေး,1,
မမြင်နိုင်,1,
မိတ်ဆက်ပေး,1,
မိတ်ဆက်ပြသ,1,
မိန့်ခွန်းပြော,1,
မိုးခေါင်,1,
မိုးရွာ,1,
မိုးရွာသွန်း,1,
မိုးလေထန်,1,
မီ,1,
မီးထွန်း,1,
မီးဖွား,1,
မုဒိန်း,1,
မုဒိမ်းကျင့်,1,
မုန်းတီး,1,
မူပိုင်ခွင့်ရှိ,1,
မူး,1,
မေတ္တာရပ်ခံ,1,
မဲချ,1,
မဲထည့်,1,
မဲရေတွက်,1,
မဲရွေးချယ်,1,
မဲလိမ်လည်,1,
မျက်စိကွယ်,1,
မျက်နှာချင်းဆိုင်,1,
မျက်နှာသာပေး,1,
များပြားလှ,1,
များလာ,1,
မျှဝေ,1,
မြင့်မာ,1,
မြင်တွေ့ရ,1,
မြင်နိုင်,1,
မြင်သာထင်သာ,1,
မြင်သာအောင်ပြ,1,
မြူဆိုင်း,1,
မြေတူး,1,
မြေပြင်ရိုက်,1,
မြေမြှုပ်,1,
မြှပ်နှံ,1,
မြှပ်နှံသင်္ဂြိုဟ်,1,
မြှားပစ်,1,
မြှုပ်,1,
မှတ်ချက်ပြု,1,
မှတ်တမ်းတင်နိုင်,1,
မှတ်တမ်းထားရှိ,1,
မှတ်တမ်းရေး,1,
မှန်,1,
မှီတင်း,1,
မှေးမှိန်,1,
ယဉ်ကျေး,1,
ယာဉ်မှောက်,1,
ယာဥ်မတော်တဆ,1,
ယိမ်းယိုင်,1,
ယိုစိမ့်တက်,1,
ယိုယွင်း,1,
ယုတ္တိရှိ,1,
ယူဆ,1,
ယောင်ဆောင်,1,
ယှဉ်၍,1,
ရင်ခွဲ,1,
ရင်ဆိုင်ရ,1,
ရင်းသွင်း,1,
ရည်စူး,1,
ရည်ညွှန်း,1,
ရာထူးချ,1,
ရိတ်သိမ်း,1,
ရိုက်ကြည့်,1,
ရိုက်ချ,1,
ရိုက်နှက်,1,
ရိုက်မိ,1,
ရိုင်းပြ,1,
ရိုးသား,1,
ရုပ်သိမ်းလိုက်,1,
ရုပ်သံလွှင့်,1,
ရုံးထုတ်ခံ,1,
ရေငွေ့ပျံ,1,
ရေနစ်,1,
ရေနံ-ထုတ်လုပ်,1,
ရေလွှမ်း,1,
ရောက်လာ,1,
ရောင်ရမ်း,1,
ရောင်းကုန်,1,
ရောင်းဝယ်,1,
ရောထွေး,1,
ရေးကြီး,1,
ရေးတင်,1,
ရွက်လွင့်,1,
ရွေ့ပြောင်း,1,
ရွေးကောက်ခံ,1,
ရွေးချယ်ခံ,1,
ရွေးချယ်တင်မြှောက်,1,
ရှင်သန်,1,
ရှင်းထုတ်,1,
ရှင်းလင်းသန့်စင်,1,
ရှည်ကြာ,1,
ရှာဖွေစူးစမ်း,1,
ရှာလိမ့်,1,
ရှိကြ,1,
ရှိခဲ့ရာ,1,
ရှိတတ်,1,
ရှိနှင့်ပြီး,1,
ရှုတ်ချ,1,
ရှုပ်ချ,1,
ရှူရှိုက်မိ,1,
ရှေ့ဆက်တက်,1,
ရှေ့ဆောင်,1,
ရှေ့တက်,1,
ရှေးရိုးစွဲ,1,
ရှံးနိမ့်,1,
လက်ကမ်းမှီ,1,
လက်ခံကျင်းပ,1,
လက်ဆော့,1,
လက်တွေ့ကျ,1,
လက်တွေ့လုပ်ဆောင်,1,
လက်ထက်ထိမ်းမြား,1,
လက်ထပ်ခွင့်တောင်း,1,
လက်နက်ချ,1,
လက်ပြောင်း,1,
လက်မခံ,1,
လက်မထပ်,1,
လက်လီရောင်းချ,1,
လက်လွှတ်,1,
လက်လွှဲပေး,1,
လက်လှမ်းမမီ,1,
လက်ဝယ်,1,
လက်ဝယ်ထားရှိ,1,
လက်ဝါးကြီးအုပ်,1,
လက်သရမ်း,1,
လည်,1,
လည်ထွက်,1,
လတ်ဆတ်,1,
လတ်မှတ်ထိုး,1,
လမ်းညွှန်ပေး,1,
လိုက်စား,1,
လိုက်ပါစီးနင်း,1,
လိုက်ပို့,1,
လိုက်မီ,1,
လုပ်ငန်းလုပ်,1,
လုံခြုံမှုရှိ,1,
လူကြိုက်နည်း,1,
လူစုဝေး,1,
လူသတ်မှုကျူးလွန်,1,
လူသိများလာ,1,
လေကျင့်,1,
လေငြိမ်,1,
လေတိုက်ခံ,1,
လေဖိအားနည်း,1,
လေယာဉ်မောင်း,1,
လောင်မြိုက်,1,
လောင်းချ,1,
လေ့လာနိုင်,1,
လဲကျ,1,
လဲကျသွား,1,
လဲလျောင်း,1,
လျစ်လျူရှု,1,
လျော့နည်းလာ,1,
လျော့နည်းသွား,1,
လျှောက်,1,
လျှောက်သွား,1,
လျှော်ဖွတ်,1,
လွင့်ပြယ်,1,
လွင့်မြော,1,
လွတ်ကင်း,1,
လွန်းတင်,1,
လွှင့်ထုတ်,1,
လွှတ်ပေး,1,
လွှတ်မြောက်,1,
လွှမ်းခြုံ,1,
လွှဲ,1,
လွှဲပြောင်းယူဖို့,1,
လှည့်,1,
လှန်လှော,1,
လှိုက်စား,1,
လှိုင်းစီး,1,
လှုဒါန်း,1,
လှုပ်ရှားတက်ကြွ,1,
လှုပ်လျား,1,
ဝင်ငွေရှာ,1,
ဝင်စီး,1,
ဝင်စွက်ဖက်,1,
ဝင်ပြိုင်,1,
ဝတ်,1,
ဝန်ရံ,1,
ဝပ်,1,
ဝမ်းနည်းကြေကွဲ,1,
ဝါဝင်,1,
ဝုန်းဒိုင်းကြဲ,1,
ဝေးလံ,1,
ဝေးလံခေါင်ဖျား,1,
ဝှက်,1,
သက်ဆင်း,1,
သက်တမ်းကုန်ဆုံး,1,
သက်ဝင်,1,
သက်သက်,1,
သက်သာ,1,
သက်သေခံ,1,
သက်သေထွက်ဆို,1,
သင့်,1,
သင်,1,
သင်ယူ,1,
သစ္စာစောင့်သိ,1,
သည်းခံ,1,
သတင်းပေးပို့,1,
သတိထားပြု,1,
သတိလစ်,1,
သတ္တိမရှိ,1,
သတ်ဖျက်,1,
သတ်ဖြတ်,1,
သတ်ဖြတ်ခဲ့မှု,1,
သန့်စင်,1,
သန်မာ,1,
သဘောကျ,1,
သယ်ဆောင်,1,
သရုပ်မဆောင်,1,
သရေကျအောင်ကန်,1,
သရေဖျက်,1,
သိချင်ယောင်ဆောင်,1,
သိမ်မွေ့,1,
သိမ်းထား,1,
သိမ်းယူခံ,1,
သိမြင်နိင်,1,
သိရှိနားလည်,1,
သုံး၍,1,
သူငယ်ပြန်,1,
သူလျှိုလုပ်,1,
သေကြောင်း,1,
သေဒဏ်ပေး,1,
သေနတ်မှန်,1,
သေးဆုံး,1,
သွားကြည့်,1,
သွားနေ,1,
သွားရောက်လည်ပတ်,1,
သွေးထွက်,1,
ဟင်းချို,1,
ဟန့်တား,1,
ဟောင်းနွမ်းစုတ်ပြတ်,1,
အကန့်သတ်,1,
အကျင်းချခံထား,1,
အကျယ်ချဲ့,1,
အကျဥ်းကျခံ,1,
အကျဥ်းချ,1,
အကျိုးပြု,1,
အကြာရှည်ဆုံး,1,
အကြောင်းကြား,1,
အကြောင်းပြ,1,
အကြောင်းပြန်,1,
အကြောင်းရင်း,1,
အခိုင်အမာဖော်ပြ,1,
အခိုးခံ,1,
အချိန်ကုန်,1,
အချိန်ဖြုန်း,1,
အခြေခံကျ,1,
အခြေခံထား,1,
အခြေဆိုက်,1,
အခွန်ထမ်းရ,1,
အင်အားချဲ့,1,
အင်အားဖြည့်,1,
အငွေ့ပျံ,1,
အငွေ့ပြန်,1,
အငှားချ,1,
အစာငတ်ခံ,1,
အစားထိုးဝင်,1,
အစီစဉ်,1,
အစီစဉ်ချမှတ်,1,
အစီအစဉ်ရေးဆွဲ,1,
အစုစပ်ဝင်,1,
အစွန်းမရောက်,1,
အဆက်အသွယ်မလုပ်,1,
အဆက်အသွယ်ရှိ,1,
အဆင့်သတ်မှတ်,1,
အဆိပ်သင့်,1,
အညံ့ခံ,1,
အတည်ပြုခဲ့ပြီး,1,
အတိုက်အခံပြု,1,
အတိုတောင်းဆုံး,1,
အတုပြ,1,
အထင်ကြီးလောက်,1,
အထိတ်တလန့်,1,
အထုတ်ပယ်,1,
အဓမ္မကျင့်,1,
အဓိပ္ပာယ်ရ,1,
အနိုင်ရိုက်,1,
အန္တရာယ်ရှိ,1,
အပိတ်,1,
အပိုင်စီး,1,
အပူ-ကာကွယ်,1,
အပူကာ,1,
အပ်နေကျ,1,
အပြစ်တင်,1,
အပြစ်ပေး,1,
အပြစ်မ,1,
အပြစ်ရှိ,1,
အပြန်အလှန်ပြောဆို,1,
အပြီးသတ်နိုင်,1,
အဖမ်းအဆီး,1,
အဖြေထွက်,1,
အမည်မပေး,1,
အမည်မှည့်,1,
အမိန့်ထုတ်,1,
အမြင်ရှိ,1,
အမြစ်တွယ်,1,
အမြတ်ထုတ်,1,
အမွှန်းတင်လွန်း,1,
အရည်ပျော်,1,
အရောင်တင်,1,
အရေးနိမ့်,1,
အရေးပါလှ,1,
အရေးမပါ,1,
အရှက်ရ,1,
အရှုံးမ,1,
အလည်,1,
အလားလာရှိ,1,
အလားအလာရှိ,1,
အလုပ်ခန့်,1,
အလုပ်ခေါ်,1,
အလုပ်မလုပ်,1,
အလေးထား,1,
အလျော့ပေး,1,
အလွန်အေး,1,
အလွဲသုံး,1,
အလှပြင်,1,
အဝေးထွက်,1,
အသက်ရှုနိုင်,1,
အသက်သွင်း,1,
အသင့်စောင့်,1,
အသစ်ပြင်,1,
အသားစား,1,
အသုံးပြုထား,1,
အသုံးပြုလိမ့်မည်,1,
အသုံးမပြုလို,1,
အသုံးများ,1,
အသုံးဝင်လိမ့်,1,
အသေကြေဆုံး,1,
အာဏာရှိ,1,
အာဏာသိမ်းယူ,1,
အာမခံပေး,1,
အာမမခံ,1,
အာရုံပြောင်း,1,
အားထုတ်,1,
အားသာ,1,
အိပ်,1,
အိပ်ရ,1,
အုပ်စိုး,1,
အုံကြွ,1,
အောက်ရှိ,1,
အောင်ပွဲရ,1,
အောင်မြင်သွား,1,
အေးခဲခြောက်သွေ့,1,
ဤသို့,1,
ဦတည်,1,
ဦးဆောင်လမ်းပြ,1,
ဦးမော့,1,
